,name,7부소매,긴팔,민소매,반팔,없음,캡
0,(121)IMG_1.jpg,False,True,False,False,False,False
1,(211)IMG_1.jpg,False,True,False,False,False,False
2,"018-285-4,257-35,865-Hanna_409_07.jpg",False,False,False,True,False,False
3,"019-286-3,261-39,126-Haemil_194_06.jpg",True,False,False,False,False,False
4,1-(9)-004-271-3031-5163-TOP_179_11.jpg,True,False,False,False,False,False
5,"1-(9)-005-272-2,351-7,514-FisrtGI_355_02.jpg",False,False,False,True,False,False
6,"1-(9)-005-272-2,351-7,514-FisrtGI_355_02.jpg",False,False,False,True,False,False
7,"1-(9)-005-272-2,351-7,514-FisrtGI_355_02.jpg",False,False,False,False,False,False
8,"1-(9)-005-272-2,351-7,514-FisrtGI_355_02.jpg",False,False,False,False,False,False
9,"1-(9)-008-275-2,526-14,877-FLY_349_11.jpg",False,False,False,False,False,False
10,"1-(9)-008-275-2,526-14,877-FLY_367_12.jpg",False,False,False,False,False,False
11,"1-bl789(3)-티아라(대행,도트나시bl)6.15-6-허리부분 몸매보정필수!!-IMG_7046.jpg",False,False,True,False,False,False
12,"1-bl789(3)-티아라(대행,도트나시bl)6.15-6-허리부분 몸매보정필수!!-IMG_7046.jpg",False,False,False,False,False,False
13,10.30-bl528(1)-중국 3.3-9-IMG_1657.JPG,False,True,False,False,False,False
14,10.30-bl528(1)-중국 3.3-9-IMG_1693.JPG,False,True,False,False,False,False
15,10.30-bl528(1)-중국 3.3-9-IMG_1766.JPG,False,True,False,False,False,False
16,10.30-bl532(2)-블루샵 3.2_-4-IMG_6540.JPG,False,True,False,False,False,False
17,10.30-bl532(2)-블루샵 3.2_-4-IMG_6540.JPG,False,True,False,False,False,False
18,10.30-bl532(2)-블루샵 3.2_-4-IMG_6540.JPG,False,False,False,False,False,False
19,10.30-bl532(2)-블루샵 3.2_-4-IMG_6540.JPG,False,False,False,False,False,False
20,10.30-bl532(2)-블루샵 3.2_-4-IMG_6568.JPG,False,True,False,False,False,False
21,10.30-bl532(2)-블루샵 3.2_-4-IMG_6568.JPG,False,True,False,False,False,False
22,10.30-bl532(2)-블루샵 3.2_-4-IMG_6568.JPG,False,False,False,False,False,False
23,10.30-bl532(2)-블루샵 3.2_-4-IMG_6568.JPG,False,False,False,False,False,False
24,10.30-bl533(3)-블루샵 3.2_-6-IMG_6907.JPG,False,True,False,False,False,False
25,10.30-bl533(3)-블루샵 3.2_-6-IMG_6907.JPG,False,True,False,False,False,False
26,10.30-bl533(3)-블루샵 3.2_-6-IMG_6907.JPG,False,False,False,False,False,False
27,10.30-bl533(3)-블루샵 3.2_-6-IMG_6907.JPG,False,False,False,False,False,False
28,1103 신규작업-4-output-2-(1733)-1.jpg,False,True,False,False,False,False
29,1103 신규작업-4-output-2-(1733)-1.jpg,False,False,False,False,False,False
30,1103 신규작업-4-output-2-(1743)-1.jpg,False,True,False,False,False,False
31,1103 신규작업-4-output-2-(1743)-1.jpg,False,False,False,False,False,False
32,1103 신규작업-4-output-2-(1773)-1.jpg,False,True,False,False,False,False
33,1103 신규작업-4-output-2-(1773)-1.jpg,False,False,False,False,False,False
34,1103 신규작업-4-output-2-(1783)-1.jpg,False,True,False,False,False,False
35,1103 신규작업-4-output-2-(1783)-1.jpg,False,True,False,False,False,False
36,1103 신규작업-4-output-2-(1783)-1.jpg,False,False,False,False,False,False
37,1103 신규작업-4-output-2-(1783)-1.jpg,False,False,False,False,False,False
38,1103 신규작업-4-output-2-(2013)-1.jpg,False,True,False,False,False,False
39,1103 신규작업-4-output-2-(2013)-1.jpg,False,False,False,False,False,False
40,1103 신규작업-4-output-2-(793)-1.jpg,False,True,False,False,False,False
41,1103 신규작업-4-output-2-(793)-1.jpg,False,False,False,False,False,False
42,1105-8479-신규-ops1972-ops1972-s_3.jpg,False,True,False,False,False,False
43,1107-14428-14428 (2-1)-20200129-1 (2005).JPG,False,True,False,False,False,False
44,1107-14428-14428 (2-1)-20200129-1 (2005).JPG,False,False,False,False,False,False
45,1107-14428-14428 (2-1)-20200129-1 (2015).JPG,False,True,False,False,False,False
46,1107-14428-14428 (2-1)-20200129-1 (2015).JPG,False,True,False,False,False,False
47,1107-14428-14428 (2-1)-20200129-1 (2015).JPG,False,False,False,False,False,False
48,1107-14428-14428 (2-1)-20200129-1 (2015).JPG,False,False,False,False,False,False
49,1107-14428-14428 (2-1)-20200129-1 (2025).JPG,False,True,False,False,False,False
50,1107-14428-14428 (2-1)-20200129-1 (2025).JPG,False,False,False,False,False,False
51,1107-14428-14428 (2-1)-20200129-1 (2035).JPG,False,True,False,False,False,False
52,1107-14428-14428 (2-1)-20200129-1 (2035).JPG,False,False,False,False,False,False
53,1107-14428-14428 (2-1)-20200129-1 (2045).JPG,False,True,False,False,False,False
54,1107-14428-14428 (2-1)-20200129-1 (2045).JPG,False,False,False,False,False,False
55,1107-14428-14428 (2-1)-20200129-1 (2055).JPG,True,False,False,False,False,False
56,1107-14428-14428 (2-1)-20200129-1 (2055).JPG,False,False,False,False,False,False
57,1107-14428-14428 (2-1)-20200129-1 (2095).JPG,False,True,False,False,False,False
58,1107-14428-14428 (2-1)-20200129-1 (2095).JPG,False,False,False,False,False,False
59,1107-14428-14428 (2-1)-20200129-1 (2105).JPG,False,True,False,False,False,False
60,1107-14428-14428 (2-1)-20200129-1 (2105).JPG,False,True,False,False,False,False
61,1107-14428-14428 (2-1)-20200129-1 (2105).JPG,False,False,False,False,False,False
62,1107-14428-14428 (2-1)-20200129-1 (2105).JPG,False,False,False,False,False,False
63,1107-14428-14428 (2-1)-20200129-1 (2175).JPG,False,False,False,False,False,False
64,1107-14428-14428 (2-1)-20200129-1 (2175).JPG,False,False,False,False,False,False
65,1107-14428-14428 (2-1)-20200129-1 (2175).JPG,False,False,False,False,False,False
66,1107-14428-14428 (2-1)-20200129-1 (2175).JPG,False,False,False,False,False,False
67,1107-14428-14428 (2-1)-20200129-1 (2175).JPG,False,True,False,False,False,False
68,1107-14428-14428 (2-1)-20200129-1 (2175).JPG,False,True,False,False,False,False
69,1107-14428-14428 (2-1)-20200129-1 (2185).JPG,False,False,False,False,False,False
70,1107-14428-14428 (2-1)-20200129-1 (2185).JPG,False,False,False,False,False,False
71,1107-14428-14428 (2-1)-20200129-1 (2185).JPG,False,False,False,False,False,False
72,1107-14428-14428 (2-1)-20200129-1 (2185).JPG,False,False,False,False,False,False
73,1107-14428-14428 (2-1)-20200129-1 (2185).JPG,False,True,False,False,False,False
74,1107-14428-14428 (2-1)-20200129-1 (2185).JPG,False,True,False,False,False,False
75,1107-14428-14428 (2-1)-20200129-1 (2195).JPG,False,False,False,False,False,False
76,1107-14428-14428 (2-1)-20200129-1 (2195).JPG,False,False,False,False,False,False
77,1107-14428-14428 (2-1)-20200129-1 (2195).JPG,False,True,False,False,False,False
78,1107-14428-14428 (2-1)-20200129-1 (2195).JPG,False,True,False,False,False,False
79,1107-14428-14428 (2-1)-20200129-1 (2245).JPG,False,True,False,False,False,False
80,1107-14428-14428 (2-1)-20200129-1 (2245).JPG,False,True,False,False,False,False
81,1107-14428-14428 (2-1)-20200129-1 (2245).JPG,False,False,False,False,False,False
82,1107-14428-14428 (2-1)-20200129-1 (2245).JPG,False,False,False,False,False,False
83,1107-14428-14428 (2-1)-20200129-1 (2255).JPG,False,True,False,False,False,False
84,1107-14428-14428 (2-1)-20200129-1 (2255).JPG,False,False,False,False,False,False
85,1107-14428-14428 (2-1)-20200129-1 (2265).JPG,False,True,False,False,False,False
86,1107-14428-14428 (2-1)-20200129-1 (2265).JPG,False,True,False,False,False,False
87,1107-14428-14428 (2-1)-20200129-1 (2265).JPG,False,False,False,False,False,False
88,1107-14428-14428 (2-1)-20200129-1 (2265).JPG,False,False,False,False,False,False
89,1107-14428-14428 (2-1)-20200129-1 (2275).JPG,False,True,False,False,False,False
90,122-122-set856c06-set856c06-s_6.jpg,False,False,False,True,False,False
91,"15-(10)-ops1548(2)-엘리드레스(대행,테슬사각OP)7.4-01-IMG_2569.jpg",False,False,False,True,False,False
92,157976057762646300_906335137.jpg,True,False,False,False,False,False
93,158089468782390900_1483699645.jpg,False,False,True,False,False,False
94,158089482192493600_98448467.jpg,False,True,False,False,False,False
95,158097432896500100_1752420714.jpg,False,True,False,False,False,False
96,158097467275103300_1675979540.jpg,False,False,False,False,False,False
97,158097467275103300_1675979540.jpg,False,True,False,False,False,False
98,158097481497913200_1911849736.jpg,False,True,False,False,False,False
99,158105942461443200_990472136.jpg,False,False,True,False,False,False
100,158218562494692400_1494233310.jpg,False,False,False,True,False,False
101,158226378196661700_1562050239.jpg,False,True,False,False,False,False
102,158433663897071500_1836533832.jpg,False,True,False,False,False,False
103,158677361266704000_1212879012.jpg,False,False,False,True,False,False
104,158753611064473100_1115965402.jpg,False,False,False,True,False,False
105,159108451299355800_241583441.jpg,False,False,False,True,False,False
106,159108547790239700_819694741.jpg,False,False,True,False,False,False
107,159849774566259300_812348006.jpg,False,True,False,False,False,False
108,159965258914453900_1219569348.jpg,False,True,False,False,False,False
109,159973440990914400_239479249.jpg,False,False,True,False,False,False
110,160032149928911100_712813240.jpg,False,True,False,False,False,False
111,160086249079398800_1473838686.jpg,False,True,False,False,False,False
112,160265374719748700_400143132.jpg,False,False,False,False,False,False
113,160265374719748700_400143132.jpg,False,False,False,False,False,False
114,160265374719748700_400143132.jpg,False,True,False,False,False,False
115,160265374719748700_400143132.jpg,False,True,False,False,False,False
116,160265444128984400_1541004883.jpg,False,False,True,False,False,False
117,160265444796676500_543318482.jpg,False,False,True,False,False,False
118,16030757-1 (276).jpg,False,True,False,False,False,False
119,16030757-1 (276).jpg,False,False,False,False,False,False
120,16030757-1 (276).jpg,False,True,False,False,False,False
121,16030757-1 (294).jpg,False,True,False,False,False,False
122,16030757-1 (294).jpg,False,True,False,False,False,False
123,16030757-1 (294).jpg,False,True,False,False,False,False
124,16030757-1 (294).jpg,False,False,False,False,False,False
125,16030757-1 (294).jpg,False,False,False,False,False,False
126,16030757-1 (294).jpg,False,False,False,False,False,False
127,16030757-1 (294).jpg,False,True,False,False,False,False
128,16030757-1 (294).jpg,False,True,False,False,False,False
129,16030757-1 (294).jpg,False,True,False,False,False,False
130,1603076-0001 (3746).jpg,False,True,False,False,False,False
131,1603076-0001 (3746).jpg,False,True,False,False,False,False
132,1603076-0001 (3746).jpg,False,True,False,False,False,False
133,1603076-0001 (3746).jpg,False,False,False,False,False,False
134,1603076-0001 (3746).jpg,False,False,False,False,False,False
135,1603076-0001 (3746).jpg,False,False,False,False,False,False
136,1603076-0001 (3746).jpg,False,True,False,False,False,False
137,1603076-0001 (3746).jpg,False,True,False,False,False,False
138,1603076-0001 (3746).jpg,False,True,False,False,False,False
139,160317635610948100_1 (10).jpg,False,True,False,False,False,False
140,160317635610948100_1 (10).jpg,False,False,False,False,False,False
141,1605237573155300_1 (1165)5.jpg,False,True,False,False,False,False
142,1605237573155300_1 (1165)5.jpg,False,False,True,False,False,False
143,1605237573155300_1 (1358)3.jpg,False,True,False,False,False,False
144,1605237573155300_1 (1358)3.jpg,False,True,False,False,False,False
145,1605237573155300_1 (1358)3.jpg,False,False,False,False,False,False
146,1605237573155300_1 (1358)3.jpg,False,False,False,False,False,False
147,1605237573155300_1 (760).jpg,False,True,False,False,False,False
148,2-1-bl821(2)-재고(도트bl)6.27-3-IMG_2675.jpg,False,False,True,False,False,False
149,2-1-bl821(2)-재고(도트bl)6.27-3-IMG_2675.jpg,False,False,False,False,False,False
150,2-1-bl821(2)-재고(도트bl)6.27-3-IMG_2729.jpg,False,False,True,False,False,False
151,2-1-bl821(2)-재고(도트bl)6.27-3-IMG_2729.jpg,False,False,True,False,False,False
152,2-1-bl821(2)-재고(도트bl)6.27-3-IMG_2729.jpg,False,False,False,False,False,False
153,2-1-bl821(2)-재고(도트bl)6.27-3-IMG_2729.jpg,False,False,False,False,False,False
154,2-1-bl821(2)-재고(도트bl)6.27-3-IMG_2795.jpg,False,False,True,False,False,False
155,2-1-bl821(2)-재고(도트bl)6.27-3-IMG_2795.jpg,False,False,True,False,False,False
156,2-1-bl821(2)-재고(도트bl)6.27-3-IMG_2795.jpg,False,False,False,False,False,False
157,2-1-bl821(2)-재고(도트bl)6.27-3-IMG_2795.jpg,False,False,False,False,False,False
158,2-pt5916k09-1 (1790).jpg,False,True,False,False,False,False
159,2-pt5916k09-1 (1801).jpg,False,True,False,False,False,False
160,2014-12-22 in calli 78186 1.jpg,False,True,False,False,False,False
161,2015-06-05 in calli 99364.jpg,False,False,False,True,False,False
162,2015-06-05 in calli 99364.jpg,False,False,False,False,False,False
163,2015-06-05 in calli 99416.jpg,False,False,False,True,False,False
164,2015-06-05 in calli 99416.jpg,False,False,False,True,False,False
165,2015-06-05 in calli 99416.jpg,False,False,False,False,False,False
166,2015-06-05 in calli 99416.jpg,False,False,False,False,False,False
167,2015-11-24 in calli2 8321.jpg,False,True,False,False,False,False
168,2015-11-24 in calli2 8531.jpg,False,True,False,False,False,False
169,2016-03-03 in calli01 17600.jpg,False,True,False,False,False,False
170,2016-03-03 in calli01 17600.jpg,False,True,False,False,False,False
171,2016-03-03 in calli01 17600.jpg,False,False,False,False,False,False
172,2016-03-03 in calli01 17600.jpg,False,False,False,False,False,False
173,2016-03-03 in calli01 17673.jpg,False,True,False,False,False,False
174,2016-03-03 in calli01 17673.jpg,False,True,False,False,False,False
175,2016-03-03 in calli01 17673.jpg,False,False,False,False,False,False
176,2016-03-03 in calli01 17673.jpg,False,False,False,False,False,False
177,20168-11-16 in calli 27963.jpg,False,True,False,False,False,False
178,20168-11-16 in calli 28014.jpg,False,True,False,False,False,False
179,2017-02-22 in calli 75300.jpg,False,True,False,False,False,False
180,2017-02-22 in calli 75398.jpg,False,True,False,False,False,False
181,2017-06-22 in calli 95343.jpg,False,True,False,False,False,False
182,2017-06-22 in calli 95343.jpg,False,False,False,False,False,False
183,2017-06-22 in calli 95698.jpg,False,True,False,False,False,False
184,2017-06-22 in calli 95698.jpg,False,True,False,False,False,False
185,2017-06-22 in calli 95698.jpg,False,False,False,False,False,False
186,2017-06-22 in calli 95698.jpg,False,False,False,False,False,False
187,2017-06-22 in calli 95785.jpg,False,False,False,True,False,False
188,2017-06-22 in calli 95785.jpg,False,False,False,False,False,False
189,2017-06-22 in calli 95842.jpg,False,False,False,True,False,False
190,2017-06-22 in calli 95842.jpg,False,False,False,False,False,False
191,2017-06-22 in calli 96297.jpg,True,False,False,False,False,False
192,2017-06-22 in calli 96297.jpg,True,False,False,False,False,False
193,2017-06-22 in calli 96297.jpg,False,False,False,False,False,False
194,2017-06-22 in calli 96297.jpg,False,False,False,False,False,False
195,2017-06-22 in calli 96673.jpg,True,False,False,False,False,False
196,2017-06-22 in calli 96673.jpg,False,False,False,False,False,False
197,2017-07-02 in calli 8200.jpg,True,False,False,False,False,False
198,2017-07-02 in calli 8200.jpg,True,False,False,False,False,False
199,2017-07-02 in calli 8200.jpg,False,False,False,False,False,False
200,2017-07-02 in calli 8200.jpg,False,False,False,False,False,False
201,2017-07-02 in calli 8247.jpg,False,False,False,True,False,False
202,2017-07-02 in calli 8247.jpg,False,False,False,True,False,False
203,2017-07-02 in calli 8247.jpg,False,False,False,False,False,False
204,2017-07-02 in calli 8247.jpg,False,False,False,False,False,False
205,2017-07-02 in calli 9714.jpg,True,False,False,False,False,False
206,2017-07-02 in calli 9714.jpg,True,False,False,False,False,False
207,2017-07-02 in calli 9714.jpg,False,False,False,False,False,False
208,2017-07-02 in calli 9714.jpg,False,False,False,False,False,False
209,2017-07-02 in calli 9761.jpg,False,False,False,True,False,False
210,2017-07-02 in calli 9761.jpg,False,False,False,True,False,False
211,2017-07-02 in calli 9761.jpg,False,False,False,False,False,False
212,2017-07-02 in calli 9761.jpg,False,False,False,False,False,False
213,2017-09-14 in calli 103263.jpg,False,True,False,False,False,False
214,2017-09-14 in calli 103263.jpg,False,False,False,False,False,False
215,2017-11-09 in calli 110875.jpg,False,True,False,False,False,False
216,2017-11-09 in calli 110875.jpg,False,False,False,False,False,False
217,2017-11-09 in calli 110936.jpg,False,True,False,False,False,False
218,2017-11-09 in calli 110936.jpg,False,True,False,False,False,False
219,2017-11-09 in calli 110936.jpg,False,False,False,False,False,False
220,2017-11-09 in calli 110936.jpg,False,False,False,False,False,False
221,2017-11-09 in calli 111011.jpg,False,True,False,False,False,False
222,2017-11-09 in calli 111011.jpg,False,True,False,False,False,False
223,2017-11-09 in calli 111011.jpg,False,False,False,False,False,False
224,2017-11-09 in calli 111011.jpg,False,False,False,False,False,False
225,2018-05-22 in calli 2133.jpg,False,False,False,True,False,False
226,2018-09-14 in calli 17321.jpg,False,True,False,False,False,False
227,2018-09-14 in calli 17321.jpg,False,False,False,False,False,False
228,2018-09-14 in calli 17399.jpg,True,False,False,False,False,False
229,2018-09-14 in calli 17399.jpg,True,False,False,False,False,False
230,2018-09-14 in calli 17399.jpg,False,False,False,False,False,False
231,2018-09-14 in calli 17399.jpg,False,False,False,False,False,False
232,2018-10-10 in calli 20426.jpg,False,False,False,False,True,False
233,2018-10-10 in calli 20426.jpg,False,False,False,False,True,False
234,2018-10-10 in calli 20426.jpg,False,False,False,False,False,False
235,2018-10-10 in calli 20426.jpg,False,False,False,False,False,False
236,2018-10-10 in calli 20426.jpg,False,True,False,False,False,False
237,2018-10-10 in calli 20426.jpg,False,True,False,False,False,False
238,2018-10-10 in calli 20452.jpg,False,True,False,False,False,False
239,2018-10-10 in calli 20452.jpg,False,False,False,False,False,False
240,"20180115(대행)16-bl1071(2)-다다(대행,고양이)1.18-01-IMG_2500.jpg",False,True,False,False,False,False
241,"20180115(대행)16-bl1071(2)-다다(대행,고양이)1.18-01-IMG_2538.jpg",False,True,False,False,False,False
242,"20180115(대행)16-ops2024(2)-다다(대행,보리)1.16-05-IMG_2946.jpg",False,True,False,False,False,False
243,"20180115(대행)16-ops2025(2)-다다(대행,도트허리끈)1.17-03-IMG_2738.jpg",False,True,False,False,False,False
244,"20180115(대행)16-ops2025(2)-다다(대행,도트허리끈)1.17-03-IMG_2790.jpg",False,True,False,False,False,False
245,"20180117(대행)26-lg014(2)-아론(대행,에이로즈SK)1.23-24-IMG_9490.jpg",False,True,False,False,False,False
246,"20180117(대행)26-lg014(2)-아론(대행,에이로즈SK)1.23-24-IMG_9490.jpg",False,True,False,False,False,False
247,"20180117(대행)26-lg014(2)-아론(대행,에이로즈SK)1.23-24-IMG_9490.jpg",False,False,False,False,False,False
248,"20180117(대행)26-lg014(2)-아론(대행,에이로즈SK)1.23-24-IMG_9490.jpg",False,False,False,False,False,False
249,"20180117(대행)26-lg014(2)-아론(대행,에이로즈SK)1.23-24-IMG_9515.jpg",False,True,False,False,False,False
250,"20180117(대행)26-lg014(2)-아론(대행,에이로즈SK)1.23-24-IMG_9515.jpg",False,False,False,False,False,False
251,"20180117(대행)26-lg014(2)-아론(대행,에이로즈SK)1.23-24-IMG_9546.jpg",False,True,False,False,False,False
252,"20180117(대행)26-lg014(2)-아론(대행,에이로즈SK)1.23-24-IMG_9546.jpg",False,True,False,False,False,False
253,"20180117(대행)26-lg014(2)-아론(대행,에이로즈SK)1.23-24-IMG_9546.jpg",False,False,False,False,False,False
254,"20180117(대행)26-lg014(2)-아론(대행,에이로즈SK)1.23-24-IMG_9546.jpg",False,False,False,False,False,False
255,"20180118(대행)22-sk1791(2)-다다(대행,물방울S.K)1.22-11-IMG_1314.jpg",False,True,False,False,False,False
256,"20180118(대행)22-sk1791(2)-다다(대행,물방울S.K)1.22-11-IMG_1314.jpg",False,False,False,False,False,False
257,"20180118(대행)22-sk1791(2)-다다(대행,물방울S.K)1.22-11-IMG_1363.jpg",False,True,False,False,False,False
258,"20180118(대행)22-sk1791(2)-다다(대행,물방울S.K)1.22-11-IMG_1363.jpg",False,False,False,False,False,False
259,"20180118(대행)22-sk1791(2)-다다(대행,물방울S.K)1.22-11-IMG_1411.jpg",False,True,False,False,False,False
260,"20180118(대행)22-sk1791(2)-다다(대행,물방울S.K)1.22-11-IMG_1411.jpg",False,True,False,False,False,False
261,"20180118(대행)22-sk1791(2)-다다(대행,물방울S.K)1.22-11-IMG_1411.jpg",False,False,False,False,False,False
262,"20180118(대행)22-sk1791(2)-다다(대행,물방울S.K)1.22-11-IMG_1411.jpg",False,False,False,False,False,False
263,20180228(중국)-샘플-bIMG_0994 (2151).jpg,False,False,False,True,False,False
264,20180228(중국)-샘플-bIMG_0994 (3135).jpg,False,False,False,True,False,False
265,20180228(중국)-샘플-bIMG_0994 (3135).jpg,False,False,False,True,False,False
266,20180228(중국)-샘플-bIMG_0994 (3135).jpg,False,False,False,True,False,False
267,20180228(중국)-샘플-bIMG_0994 (3135).jpg,False,False,False,False,False,False
268,20180228(중국)-샘플-bIMG_0994 (3135).jpg,False,False,False,False,False,False
269,20180228(중국)-샘플-bIMG_0994 (3135).jpg,False,False,False,False,False,False
270,20180228(중국)-샘플-bIMG_0994 (3135).jpg,False,False,False,True,False,False
271,20180228(중국)-샘플-bIMG_0994 (3135).jpg,False,False,False,True,False,False
272,20180228(중국)-샘플-bIMG_0994 (3135).jpg,False,False,False,True,False,False
273,20180228(중국)-샘플-bIMG_0994 (3145).jpg,False,False,False,True,False,False
274,20180228(중국)-샘플-bIMG_0994 (3155).jpg,False,False,False,True,False,False
275,20180228(중국)-샘플-bIMG_0994 (3155).jpg,False,False,False,True,False,False
276,20180228(중국)-샘플-bIMG_0994 (3155).jpg,False,False,False,False,False,False
277,20180228(중국)-샘플-bIMG_0994 (3155).jpg,False,False,False,False,False,False
278,20180228(중국)-샘플-bIMG_0994 (3155).jpg,False,False,False,True,False,False
279,20180228(중국)-샘플-bIMG_0994 (3155).jpg,False,False,False,True,False,False
280,20180305(샘플)-bl1-지끼(샘플IMG_0576 (1209).jpg,False,False,False,True,False,False
281,20180305(샘플)-bl1-지끼(샘플IMG_0576 (1209).jpg,False,False,False,True,False,False
282,20180305(샘플)-bl1-지끼(샘플IMG_0576 (1209).jpg,False,False,False,False,False,False
283,20180305(샘플)-bl1-지끼(샘플IMG_0576 (1209).jpg,False,False,False,False,False,False
284,20180305(샘플)-bl1-지끼(샘플IMG_0576 (1219).jpg,False,False,False,True,False,False
285,20180305(샘플)-bl1-지끼(샘플IMG_0576 (1219).jpg,False,False,False,False,False,False
286,20180305(샘플)-bl1-지끼(샘플IMG_0576 (1350).jpg,False,False,False,True,False,False
287,20180305(샘플)-bl1-지끼(샘플IMG_0576 (1350).jpg,False,False,False,False,False,False
288,20180305(샘플)-bl1-지끼(샘플IMG_0576 (2217).jpg,False,False,False,True,False,False
289,20180305(샘플)-bl1-지끼(샘플IMG_0576 (2227).jpg,False,False,False,True,False,False
290,20180305(샘플)-bl1-지끼(샘플IMG_0576 (938).jpg,True,False,False,False,False,False
291,20180305(샘플)-bl1-지끼(샘플IMG_0576 (938).jpg,True,False,False,False,False,False
292,20180305(샘플)-bl1-지끼(샘플IMG_0576 (938).jpg,False,False,False,False,False,False
293,20180305(샘플)-bl1-지끼(샘플IMG_0576 (938).jpg,False,False,False,False,False,False
294,"20180509(대행)27-ops2393(2)-블루샵(대행,프릴랩OPS)5.14-1-9355.jpg",True,False,False,False,False,False
295,"20180517(샘플,중국)-t2474(3)-GO(샘플,두줄어깨끈)-1-0287.jpg",True,False,False,False,False,False
296,"20180517(샘플,중국)-t2474(3)-GO(샘플,두줄어깨끈)-1-0287.jpg",True,False,False,False,False,False
297,"20180517(샘플,중국)-t2474(3)-GO(샘플,두줄어깨끈)-1-0287.jpg",False,False,False,False,False,False
298,"20180517(샘플,중국)-t2474(3)-GO(샘플,두줄어깨끈)-1-0287.jpg",False,False,False,False,False,False
299,"20180531(대행)27-k85ops2524(2)-블루샵(대행,루니도트OPS)6.4-1-DSC00603.jpg",False,False,False,True,False,False
300,"20180531(대행)27-k85ops2524(2)-블루샵(대행,루니도트OPS)6.4-1-DSC00619.jpg",False,False,False,True,False,False
301,"20181106(대행)-nt1166k8b(3)-커피샤워(대행,보브소매트임)11.9-2-DSC_6526.jpg",False,True,False,False,False,False
302,"20181108(샘플,중국)-10.12촬영-fa400k8a(4)-슈슈(샘플,820)11.8-3-DSC_3721.jpg",False,True,False,False,False,False
303,"20181108(샘플,중국)-10.12촬영-fa400k8a(4)-슈슈(샘플,820)11.8-3-DSC_3741.jpg",False,True,False,False,False,False
304,"20181108(샘플,중국)-10.12촬영-fa400k8a(4)-슈슈(샘플,820)11.8-3-DSC_3761.jpg",False,True,False,False,False,False
305,2019-01-30 in calli 32236.jpg,False,True,False,False,False,False
306,2019-01-30 in calli 32236.jpg,False,False,False,False,False,False
307,2019-01-30 in calli 32291.jpg,False,True,False,False,False,False
308,2019-01-30 in calli 32291.jpg,False,True,False,False,False,False
309,2019-01-30 in calli 32291.jpg,False,False,False,False,False,False
310,2019-01-30 in calli 32291.jpg,False,False,False,False,False,False
311,"20190308(샘플,중국)-국내0308-할당-bl2171k93(3)-지끼(샘플,무지트윌블라우스)03.08-1-IMG_2212.jpg",False,True,False,False,False,False
312,"20190308(샘플,중국)-국내0308-할당-bl2171k93(3)-지끼(샘플,무지트윌블라우스)03.08-1-IMG_2212.jpg",False,True,False,False,False,False
313,"20190308(샘플,중국)-국내0308-할당-bl2171k93(3)-지끼(샘플,무지트윌블라우스)03.08-1-IMG_2212.jpg",False,False,False,False,False,False
314,"20190308(샘플,중국)-국내0308-할당-bl2171k93(3)-지끼(샘플,무지트윌블라우스)03.08-1-IMG_2212.jpg",False,False,False,False,False,False
315,"20190308(샘플,중국)-국내0308-할당-bl2171k93(3)-지끼(샘플,무지트윌블라우스)03.08-1-IMG_2252.jpg",False,True,False,False,False,False
316,"20190308(샘플,중국)-국내0308-할당-bl2171k93(3)-지끼(샘플,무지트윌블라우스)03.08-1-IMG_2252.jpg",False,True,False,False,False,False
317,"20190308(샘플,중국)-국내0308-할당-bl2171k93(3)-지끼(샘플,무지트윌블라우스)03.08-1-IMG_2252.jpg",False,False,False,False,False,False
318,"20190308(샘플,중국)-국내0308-할당-bl2171k93(3)-지끼(샘플,무지트윌블라우스)03.08-1-IMG_2252.jpg",False,False,False,False,False,False
319,"20190322(대행)-할당-bl2239k93(2)-나비(샘플,파라오)03.22-아이-DSC02875.jpg",False,True,False,False,False,False
320,"20190322(대행)-할당-bl2239k93(2)-나비(샘플,파라오)03.22-아이-DSC02875.jpg",False,True,False,False,False,False
321,"20190322(대행)-할당-bl2239k93(2)-나비(샘플,파라오)03.22-아이-DSC02875.jpg",False,False,False,False,False,False
322,"20190322(대행)-할당-bl2239k93(2)-나비(샘플,파라오)03.22-아이-DSC02875.jpg",False,False,False,False,False,False
323,"20190322(대행)-할당-bl2239k93(2)-나비(샘플,파라오)03.22-아이-DSC02895.jpg",False,True,False,False,False,False
324,"20190322(대행)-할당-bl2239k93(2)-나비(샘플,파라오)03.22-아이-DSC02895.jpg",False,False,False,False,False,False
325,"20190322(대행)-할당-bl2239k93(2)-나비(샘플,파라오)03.22-아이-DSC02915.jpg",False,True,False,False,False,False
326,"20190322(대행)-할당-bl2239k93(2)-나비(샘플,파라오)03.22-아이-DSC02915.jpg",False,False,False,False,False,False
327,"20190412(중국,샘플)3-fa607k94(1)-홍이(샘플,하트펜던트목걸이)0412-14-IMG_8944.jpg",False,False,False,True,False,False
328,"20190412(중국,샘플)3-fa607k94(1)-홍이(샘플,하트펜던트목걸이)0412-14-IMG_9015.jpg",False,False,False,True,False,False
329,20190605-탑-튤립OPS-모델컷 s파일만 12장 작업해주시면 됩니다 전신 3장-DHP01089.JPG,False,False,False,True,False,False
330,20190605-탑-튤립OPS-모델컷 s파일만 12장 작업해주시면 됩니다 전신 3장-DHP01089.JPG,False,False,False,True,False,False
331,20190605-탑-튤립OPS-모델컷 s파일만 12장 작업해주시면 됩니다 전신 3장-DHP01089.JPG,False,False,False,False,False,False
332,20190605-탑-튤립OPS-모델컷 s파일만 12장 작업해주시면 됩니다 전신 3장-DHP01089.JPG,False,False,False,False,False,False
333,20190605-탑-튤립OPS-모델컷 s파일만 12장 작업해주시면 됩니다 전신 3장-DHP01119.JPG,False,False,False,True,False,False
334,20190605-탑-튤립OPS-모델컷 s파일만 12장 작업해주시면 됩니다 전신 3장-DHP01149.JPG,False,False,False,True,False,False
335,20190605-탑-튤립OPS-모델컷 s파일만 12장 작업해주시면 됩니다 전신 3장-DHP01149.JPG,False,False,False,False,False,False
336,"20190625-pt3829k96(1)-세븐스타(대행,1053)6.27-밑단 접은거 안접은거 반반 작업해주세요-DHP03654.JPG",False,False,False,True,False,False
337,"20190625-pt3829k96(1)-세븐스타(대행,1053)6.27-밑단 접은거 안접은거 반반 작업해주세요-DHP03654.JPG",False,False,False,True,False,False
338,"20190625-pt3829k96(1)-세븐스타(대행,1053)6.27-밑단 접은거 안접은거 반반 작업해주세요-DHP03654.JPG",False,False,False,False,False,False
339,"20190625-pt3829k96(1)-세븐스타(대행,1053)6.27-밑단 접은거 안접은거 반반 작업해주세요-DHP03654.JPG",False,False,False,False,False,False
340,"20190625-pt3829k96(1)-세븐스타(대행,1053)6.27-밑단 접은거 안접은거 반반 작업해주세요-DHP03697.JPG",False,False,False,True,False,False
341,"20190625-pt3829k96(1)-세븐스타(대행,1053)6.27-밑단 접은거 안접은거 반반 작업해주세요-DHP03697.JPG",False,False,False,True,False,False
342,"20190625-pt3829k96(1)-세븐스타(대행,1053)6.27-밑단 접은거 안접은거 반반 작업해주세요-DHP03697.JPG",False,False,False,False,False,False
343,"20190625-pt3829k96(1)-세븐스타(대행,1053)6.27-밑단 접은거 안접은거 반반 작업해주세요-DHP03697.JPG",False,False,False,False,False,False
344,"20190625-pt3829k96(1)-세븐스타(대행,1053)6.27-밑단 접은거 안접은거 반반 작업해주세요-DHP03722.JPG",False,False,False,False,False,False
345,"20190625-pt3830k96(1)-세븐스타(대행,1055)6.27-밑단 접은거 안접은거 반반 작업해주세요-DHP03759.JPG",False,False,False,True,False,False
346,"20190625-pt3830k96(1)-세븐스타(대행,1055)6.27-밑단 접은거 안접은거 반반 작업해주세요-DHP03759.JPG",False,False,False,True,False,False
347,"20190625-pt3830k96(1)-세븐스타(대행,1055)6.27-밑단 접은거 안접은거 반반 작업해주세요-DHP03759.JPG",False,False,False,False,False,False
348,"20190625-pt3830k96(1)-세븐스타(대행,1055)6.27-밑단 접은거 안접은거 반반 작업해주세요-DHP03759.JPG",False,False,False,False,False,False
349,"20190625-pt3830k96(1)-세븐스타(대행,1055)6.27-밑단 접은거 안접은거 반반 작업해주세요-DHP03801.JPG",False,False,False,True,False,False
350,"20190625-pt3830k96(1)-세븐스타(대행,1055)6.27-밑단 접은거 안접은거 반반 작업해주세요-DHP03801.JPG",False,False,False,True,False,False
351,"20190625-pt3830k96(1)-세븐스타(대행,1055)6.27-밑단 접은거 안접은거 반반 작업해주세요-DHP03801.JPG",False,False,False,False,False,False
352,"20190625-pt3830k96(1)-세븐스타(대행,1055)6.27-밑단 접은거 안접은거 반반 작업해주세요-DHP03801.JPG",False,False,False,False,False,False
353,"20190704(중국,샘플)-jk1700k97(4)-마루(샘플,왕단추자켓)0704얼굴컷-메인-레드오렌지-IMG_4588.JPG",False,False,False,True,False,False
354,"20190704(중국,샘플)-jk1700k97(4)-마루(샘플,왕단추자켓)0704얼굴컷-메인-레드오렌지-IMG_4588.JPG",False,False,False,True,False,False
355,"20190704(중국,샘플)-jk1700k97(4)-마루(샘플,왕단추자켓)0704얼굴컷-메인-레드오렌지-IMG_4588.JPG",False,False,False,False,False,False
356,"20190704(중국,샘플)-jk1700k97(4)-마루(샘플,왕단추자켓)0704얼굴컷-메인-레드오렌지-IMG_4588.JPG",False,False,False,False,False,False
357,"20190704(중국,샘플)-jk1700k97(4)-마루(샘플,왕단추자켓)0704얼굴컷-메인-레드오렌지-IMG_4626.JPG",False,False,False,True,False,False
358,"20190704(중국,샘플)-jk1700k97(4)-마루(샘플,왕단추자켓)0704얼굴컷-메인-레드오렌지-IMG_4626.JPG",False,False,False,True,False,False
359,"20190704(중국,샘플)-jk1700k97(4)-마루(샘플,왕단추자켓)0704얼굴컷-메인-레드오렌지-IMG_4626.JPG",False,False,False,False,False,False
360,"20190704(중국,샘플)-jk1700k97(4)-마루(샘플,왕단추자켓)0704얼굴컷-메인-레드오렌지-IMG_4626.JPG",False,False,False,False,False,False
361,"20190704(중국,샘플)-jk1700k97(4)-마루(샘플,왕단추자켓)0704얼굴컷-메인-레드오렌지-IMG_4663.JPG",False,False,False,True,False,False
362,"20190704(중국,샘플)-jk1700k97(4)-마루(샘플,왕단추자켓)0704얼굴컷-메인-레드오렌지-IMG_4663.JPG",False,False,False,True,False,False
363,"20190704(중국,샘플)-jk1700k97(4)-마루(샘플,왕단추자켓)0704얼굴컷-메인-레드오렌지-IMG_4663.JPG",False,False,False,False,False,False
364,"20190704(중국,샘플)-jk1700k97(4)-마루(샘플,왕단추자켓)0704얼굴컷-메인-레드오렌지-IMG_4663.JPG",False,False,False,False,False,False
365,"20190722-jk1710k97(2)팝콘(대행,청지퍼자켓)7.22-1-DHP08537.JPG",False,False,False,False,False,False
366,"20190722-jk1710k97(2)팝콘(대행,청지퍼자켓)7.22-1-DHP08537.JPG",False,False,False,False,False,False
367,"20190722-jk1710k97(2)팝콘(대행,청지퍼자켓)7.22-1-DHP08537.JPG",False,True,False,False,False,False
368,"20190722-jk1710k97(2)팝콘(대행,청지퍼자켓)7.22-1-DHP08537.JPG",False,True,False,False,False,False
369,"20190722-jk1710k97(2)팝콘(대행,청지퍼자켓)7.22-1-DHP08589.JPG",False,False,False,False,False,False
370,"20190722-jk1710k97(2)팝콘(대행,청지퍼자켓)7.22-1-DHP08589.JPG",False,True,False,False,False,False
371,"20190905(중국,샘플)-bl2667k98(4)-지끼(샘플,메이슨블라우스)0905얼굴컷-밝기보정해주세요! sk2427이미지같아여-IMG_5641.JPG",False,True,False,False,False,False
372,"20191014(중국,샘플)-t3470k9a(6)-조이(샘플,기모핫폴라T)1014얼굴컷-밝기보정해주세여-IMG_2204.jpg",False,False,True,False,False,False
373,"20191023-bl2721k9a(2)-커피샤워(대행,넬나염BL)10.23-얼굴컷 사진 셀렉 신경써주시고 제품컷 색상 맞춰서 작업해주세여~-DHP00055.jpg",False,True,False,False,False,False
374,"20191023-bl2721k9a(2)-커피샤워(대행,넬나염BL)10.23-얼굴컷 사진 셀렉 신경써주시고 제품컷 색상 맞춰서 작업해주세여~-DHP00055.jpg",False,True,False,False,False,False
375,"20191023-bl2721k9a(2)-커피샤워(대행,넬나염BL)10.23-얼굴컷 사진 셀렉 신경써주시고 제품컷 색상 맞춰서 작업해주세여~-DHP00055.jpg",False,False,False,False,False,False
376,"20191023-bl2721k9a(2)-커피샤워(대행,넬나염BL)10.23-얼굴컷 사진 셀렉 신경써주시고 제품컷 색상 맞춰서 작업해주세여~-DHP00055.jpg",False,False,False,False,False,False
377,"20191023-bl2721k9a(2)-커피샤워(대행,넬나염BL)10.23-얼굴컷 사진 셀렉 신경써주시고 제품컷 색상 맞춰서 작업해주세여~-DHP00083.jpg",False,True,False,False,False,False
378,"20191023-bl2721k9a(2)-커피샤워(대행,넬나염BL)10.23-얼굴컷 사진 셀렉 신경써주시고 제품컷 색상 맞춰서 작업해주세여~-DHP00083.jpg",False,True,False,False,False,False
379,"20191023-bl2721k9a(2)-커피샤워(대행,넬나염BL)10.23-얼굴컷 사진 셀렉 신경써주시고 제품컷 색상 맞춰서 작업해주세여~-DHP00083.jpg",False,False,False,False,False,False
380,"20191023-bl2721k9a(2)-커피샤워(대행,넬나염BL)10.23-얼굴컷 사진 셀렉 신경써주시고 제품컷 색상 맞춰서 작업해주세여~-DHP00083.jpg",False,False,False,False,False,False
381,"20191023-bl2721k9a(2)-커피샤워(대행,넬나염BL)10.23-얼굴컷 사진 셀렉 신경써주시고 제품컷 색상 맞춰서 작업해주세여~-DHP00121.jpg",False,True,False,False,False,False
382,"20191023-bl2721k9a(2)-커피샤워(대행,넬나염BL)10.23-얼굴컷 사진 셀렉 신경써주시고 제품컷 색상 맞춰서 작업해주세여~-DHP00121.jpg",False,False,False,False,False,False
383,"20191023-bl2721k9a(2)-커피샤워(대행,넬나염BL)10.23-얼굴컷 사진 셀렉 신경써주시고 제품컷 색상 맞춰서 작업해주세여~-DHP09992.jpg",False,True,False,False,False,False
384,"20191023-bl2721k9a(2)-커피샤워(대행,넬나염BL)10.23-얼굴컷 사진 셀렉 신경써주시고 제품컷 색상 맞춰서 작업해주세여~-DHP09992.jpg",False,True,False,False,False,False
385,"20191023-bl2721k9a(2)-커피샤워(대행,넬나염BL)10.23-얼굴컷 사진 셀렉 신경써주시고 제품컷 색상 맞춰서 작업해주세여~-DHP09992.jpg",False,False,False,False,False,False
386,"20191023-bl2721k9a(2)-커피샤워(대행,넬나염BL)10.23-얼굴컷 사진 셀렉 신경써주시고 제품컷 색상 맞춰서 작업해주세여~-DHP09992.jpg",False,False,False,False,False,False
387,"20191202(중국,샘플)-nb988k9b(3)-지끼(샘플,2019로이스롱남방)1202얼굴컷-라이트룸-IMG_7525.jpg",False,True,False,False,False,False
388,"20191209-nt1774k9c(2)-제이보니(샘플,캔디니트)12.09-얼굴컷 사진 셀렉 신경써주시고 제품컷 색상 맞춰서 작업해주세여~-KakaoTalk_20191212_162628908_09.jpg",False,True,False,False,False,False
389,"20191209-nt1774k9c(2)-제이보니(샘플,캔디니트)12.09-얼굴컷 사진 셀렉 신경써주시고 제품컷 색상 맞춰서 작업해주세여~-KakaoTalk_20191212_162628908_09.jpg",False,True,False,False,False,False
390,"20191209-nt1774k9c(2)-제이보니(샘플,캔디니트)12.09-얼굴컷 사진 셀렉 신경써주시고 제품컷 색상 맞춰서 작업해주세여~-KakaoTalk_20191212_162628908_09.jpg",False,False,False,False,False,False
391,"20191209-nt1774k9c(2)-제이보니(샘플,캔디니트)12.09-얼굴컷 사진 셀렉 신경써주시고 제품컷 색상 맞춰서 작업해주세여~-KakaoTalk_20191212_162628908_09.jpg",False,False,False,False,False,False
392,"20191209-pt4321k9c(3)-어그레잇(샘플,요크다잉팬츠)12.09-얼굴컷 사진 셀렉 신경써주시고 제품컷 색상 맞춰서 작업해주세여~-KakaoTalk_20191212_163154956_11.jpg",False,False,False,False,False,False
393,2019_09_07_IMG_19537.jpg,True,False,False,False,False,False
394,2019_09_07_IMG_19537.jpg,True,False,False,False,False,False
395,2019_09_07_IMG_19537.jpg,False,False,False,False,False,False
396,2019_09_07_IMG_19537.jpg,False,False,False,False,False,False
397,2019_09_25_IMG_26577.JPG,False,True,False,False,False,False
398,"20200109-cd860k01(5)-니콤(대행,세인트골지y)01.14-2-DHP01573.JPG",False,False,False,False,True,False
399,"20200109-cd860k01(5)-니콤(대행,세인트골지y)01.14-2-DHP01595.JPG",False,False,False,False,True,False
400,"20200109-pt4416k01(7)-엘투(대행,828)-pt4416 모델컷추가-DHP08613.JPG",False,True,False,False,False,False
401,"20200109-pt4416k01(7)-엘투(대행,828)-pt4416 모델컷추가-DHP08613.JPG",False,True,False,False,False,False
402,"20200109-pt4416k01(7)-엘투(대행,828)-pt4416 모델컷추가-DHP08613.JPG",False,False,False,False,False,False
403,"20200109-pt4416k01(7)-엘투(대행,828)-pt4416 모델컷추가-DHP08613.JPG",False,False,False,False,False,False
404,"20200109-pt4416k01(7)-엘투(대행,828)-pt4416 모델컷추가-DHP08633.JPG",False,True,False,False,False,False
405,"20200109-pt4416k01(7)-엘투(대행,828)-pt4416 모델컷추가-DHP08633.JPG",False,True,False,False,False,False
406,"20200109-pt4416k01(7)-엘투(대행,828)-pt4416 모델컷추가-DHP08633.JPG",False,False,False,False,False,False
407,"20200109-pt4416k01(7)-엘투(대행,828)-pt4416 모델컷추가-DHP08633.JPG",False,False,False,False,False,False
408,"20200109-pt4416k01(7)-엘투(대행,828)-얼굴컷 사진 셀렉 신경써주시고 제품컷 색상 맞춰서 작업해주세여~-DHP03333.JPG",False,True,False,False,False,False
409,"20200109-pt4416k01(7)-엘투(대행,828)-얼굴컷 사진 셀렉 신경써주시고 제품컷 색상 맞춰서 작업해주세여~-DHP03333.JPG",False,False,False,False,False,False
410,"20200109-베넷미(22품목+2코디)01.20-jk2154k01(2)-베넷미(대행,퍼쇼트코트)-얼굴컷 사진 셀렉 신경써주시고 제품컷 색상 맞춰서 작업해주세여~-DHP04208.JPG",False,True,False,False,False,False
411,"20200109-베넷미(22품목+2코디)01.20-jk2154k01(2)-베넷미(대행,퍼쇼트코트)-얼굴컷 사진 셀렉 신경써주시고 제품컷 색상 맞춰서 작업해주세여~-DHP04208.JPG",False,True,False,False,False,False
412,"20200109-베넷미(22품목+2코디)01.20-jk2154k01(2)-베넷미(대행,퍼쇼트코트)-얼굴컷 사진 셀렉 신경써주시고 제품컷 색상 맞춰서 작업해주세여~-DHP04208.JPG",False,False,False,False,False,False
413,"20200109-베넷미(22품목+2코디)01.20-jk2154k01(2)-베넷미(대행,퍼쇼트코트)-얼굴컷 사진 셀렉 신경써주시고 제품컷 색상 맞춰서 작업해주세여~-DHP04208.JPG",False,False,False,False,False,False
414,"20200109-베넷미(22품목+2코디)01.20-jk2154k01(2)-베넷미(대행,퍼쇼트코트)-얼굴컷 사진 셀렉 신경써주시고 제품컷 색상 맞춰서 작업해주세여~-DHP04208.JPG",True,False,False,False,False,False
415,"20200109-베넷미(22품목+2코디)01.20-jk2154k01(2)-베넷미(대행,퍼쇼트코트)-얼굴컷 사진 셀렉 신경써주시고 제품컷 색상 맞춰서 작업해주세여~-DHP04208.JPG",True,False,False,False,False,False
416,"20200109-베넷미(22품목+2코디)01.20-jk2154k01(2)-베넷미(대행,퍼쇼트코트)-얼굴컷 사진 셀렉 신경써주시고 제품컷 색상 맞춰서 작업해주세여~-DHP04228.JPG",False,False,False,False,False,False
417,"20200109-베넷미(22품목+2코디)01.20-jk2154k01(2)-베넷미(대행,퍼쇼트코트)-얼굴컷 사진 셀렉 신경써주시고 제품컷 색상 맞춰서 작업해주세여~-DHP04228.JPG",False,False,False,False,False,False
418,"20200109-베넷미(22품목+2코디)01.20-jk2154k01(2)-베넷미(대행,퍼쇼트코트)-얼굴컷 사진 셀렉 신경써주시고 제품컷 색상 맞춰서 작업해주세여~-DHP04228.JPG",True,False,False,False,False,False
419,"20200109-베넷미(22품목+2코디)01.20-jk2154k01(2)-베넷미(대행,퍼쇼트코트)-얼굴컷 사진 셀렉 신경써주시고 제품컷 색상 맞춰서 작업해주세여~-DHP04228.JPG",True,False,False,False,False,False
420,"20200109-베넷미(22품목+2코디)01.20-nt1874k01(5)-베넷미(대행,샤이니라운드니트)-얼굴컷 사진 셀렉 신경써주시고 제품컷 색상 맞춰서 작업해주세여~-DHP01845.JPG",False,True,False,False,False,False
421,"20200109-베넷미(22품목+2코디)01.20-nt1874k01(5)-베넷미(대행,샤이니라운드니트)-얼굴컷 사진 셀렉 신경써주시고 제품컷 색상 맞춰서 작업해주세여~-DHP01845.JPG",False,False,False,False,False,False
422,"20200109-베넷미(22품목+2코디)01.20-nt1874k01(5)-베넷미(대행,샤이니라운드니트)-얼굴컷 사진 셀렉 신경써주시고 제품컷 색상 맞춰서 작업해주세여~-DHP01869.JPG",False,True,False,False,False,False
423,"20200109-베넷미(22품목+2코디)01.20-nt1874k01(5)-베넷미(대행,샤이니라운드니트)-얼굴컷 사진 셀렉 신경써주시고 제품컷 색상 맞춰서 작업해주세여~-DHP01869.JPG",False,False,False,False,False,False
424,"20200109-베넷미(22품목+2코디)01.20-nt1874k01(5)-베넷미(대행,샤이니라운드니트)-얼굴컷 사진 셀렉 신경써주시고 제품컷 색상 맞춰서 작업해주세여~-DHP01895.JPG",False,True,False,False,False,False
425,"20200109-베넷미(22품목+2코디)01.20-nt1874k01(5)-베넷미(대행,샤이니라운드니트)-얼굴컷 사진 셀렉 신경써주시고 제품컷 색상 맞춰서 작업해주세여~-DHP01895.JPG",False,True,False,False,False,False
426,"20200109-베넷미(22품목+2코디)01.20-nt1874k01(5)-베넷미(대행,샤이니라운드니트)-얼굴컷 사진 셀렉 신경써주시고 제품컷 색상 맞춰서 작업해주세여~-DHP01895.JPG",False,False,False,False,False,False
427,"20200109-베넷미(22품목+2코디)01.20-nt1874k01(5)-베넷미(대행,샤이니라운드니트)-얼굴컷 사진 셀렉 신경써주시고 제품컷 색상 맞춰서 작업해주세여~-DHP01895.JPG",False,False,False,False,False,False
428,"20200109-베넷미(22품목+2코디)01.20-nt1874k01(5)-베넷미(대행,샤이니라운드니트)-얼굴컷 사진 셀렉 신경써주시고 제품컷 색상 맞춰서 작업해주세여~-DHP01915.JPG",False,True,False,False,False,False
429,"20200109-베넷미(22품목+2코디)01.20-nt1874k01(5)-베넷미(대행,샤이니라운드니트)-얼굴컷 사진 셀렉 신경써주시고 제품컷 색상 맞춰서 작업해주세여~-DHP01915.JPG",False,False,False,False,False,False
430,"20200109-베넷미(22품목+2코디)01.20-ops4332k01(1)-베넷미(대행,그레이스러플원피스)-얼굴컷 사진 셀렉 신경써주시고 제품컷 색상 맞춰서 작업해주세여~-DHP00817.JPG",False,True,False,False,False,False
431,"20200109-베넷미(22품목+2코디)01.20-ops4332k01(1)-베넷미(대행,그레이스러플원피스)-얼굴컷 사진 셀렉 신경써주시고 제품컷 색상 맞춰서 작업해주세여~-DHP00837.JPG",False,True,False,False,False,False
432,"20200109-베넷미(22품목+2코디)01.20-ops4332k01(1)-베넷미(대행,그레이스러플원피스)-얼굴컷 사진 셀렉 신경써주시고 제품컷 색상 맞춰서 작업해주세여~-DHP00861.JPG",False,True,False,False,False,False
433,"20200109-베넷미(22품목+2코디)01.20-t3641k01(5)-베넷미(대행,코튼캔디탑)-얼굴컷 사진 셀렉 신경써주시고 제품컷 색상 맞춰서 작업해주세여~-DHP01208.JPG",False,True,False,False,False,False
434,"20200109-베넷미(22품목+2코디)01.20-t3641k01(5)-베넷미(대행,코튼캔디탑)-얼굴컷 사진 셀렉 신경써주시고 제품컷 색상 맞춰서 작업해주세여~-DHP01208.JPG",False,True,False,False,False,False
435,"20200109-베넷미(22품목+2코디)01.20-t3641k01(5)-베넷미(대행,코튼캔디탑)-얼굴컷 사진 셀렉 신경써주시고 제품컷 색상 맞춰서 작업해주세여~-DHP01208.JPG",False,False,False,False,False,False
436,"20200109-베넷미(22품목+2코디)01.20-t3641k01(5)-베넷미(대행,코튼캔디탑)-얼굴컷 사진 셀렉 신경써주시고 제품컷 색상 맞춰서 작업해주세여~-DHP01208.JPG",False,False,False,False,False,False
437,"20200109-베넷미(22품목+2코디)01.20-t3641k01(5)-베넷미(대행,코튼캔디탑)-얼굴컷 사진 셀렉 신경써주시고 제품컷 색상 맞춰서 작업해주세여~-DHP01232.JPG",False,True,False,False,False,False
438,"20200109-베넷미(22품목+2코디)01.20-t3641k01(5)-베넷미(대행,코튼캔디탑)-얼굴컷 사진 셀렉 신경써주시고 제품컷 색상 맞춰서 작업해주세여~-DHP01232.JPG",False,False,False,False,False,False
439,"20200109-베넷미(22품목+2코디)01.20-t3641k01(5)-베넷미(대행,코튼캔디탑)-얼굴컷 사진 셀렉 신경써주시고 제품컷 색상 맞춰서 작업해주세여~-DHP01262.JPG",False,True,False,False,False,False
440,"20200109-베넷미(22품목+2코디)01.20-t3641k01(5)-베넷미(대행,코튼캔디탑)-얼굴컷 사진 셀렉 신경써주시고 제품컷 색상 맞춰서 작업해주세여~-DHP01262.JPG",False,True,False,False,False,False
441,"20200109-베넷미(22품목+2코디)01.20-t3641k01(5)-베넷미(대행,코튼캔디탑)-얼굴컷 사진 셀렉 신경써주시고 제품컷 색상 맞춰서 작업해주세여~-DHP01262.JPG",False,False,False,False,False,False
442,"20200109-베넷미(22품목+2코디)01.20-t3641k01(5)-베넷미(대행,코튼캔디탑)-얼굴컷 사진 셀렉 신경써주시고 제품컷 색상 맞춰서 작업해주세여~-DHP01262.JPG",False,False,False,False,False,False
443,"20200109-베넷미(22품목+2코디)01.20-t3641k01(5)-베넷미(대행,코튼캔디탑)-얼굴컷 사진 셀렉 신경써주시고 제품컷 색상 맞춰서 작업해주세여~-DHP01282.JPG",False,True,False,False,False,False
444,"20200109-베넷미(22품목+2코디)01.20-t3641k01(5)-베넷미(대행,코튼캔디탑)-얼굴컷 사진 셀렉 신경써주시고 제품컷 색상 맞춰서 작업해주세여~-DHP01282.JPG",False,True,False,False,False,False
445,"20200109-베넷미(22품목+2코디)01.20-t3641k01(5)-베넷미(대행,코튼캔디탑)-얼굴컷 사진 셀렉 신경써주시고 제품컷 색상 맞춰서 작업해주세여~-DHP01282.JPG",False,False,False,False,False,False
446,"20200109-베넷미(22품목+2코디)01.20-t3641k01(5)-베넷미(대행,코튼캔디탑)-얼굴컷 사진 셀렉 신경써주시고 제품컷 색상 맞춰서 작업해주세여~-DHP01282.JPG",False,False,False,False,False,False
447,20201117_000538_코지-158632167267858900_304202806.jpg,False,False,False,True,False,False
448,20201117_000538_코지-158632167267858900_304202806.jpg,False,False,False,True,False,False
449,20201117_000538_코지-158632167267858900_304202806.jpg,False,False,False,False,False,False
450,20201117_000538_코지-158632167267858900_304202806.jpg,False,False,False,False,False,False
451,20201117_232122_709안밴드체크슬리부컷-159315553581613700_1525237110.jpg,False,False,False,True,False,False
452,20201117_232122_709안밴드체크슬리부컷-159315553581613700_1525237110.jpg,False,False,False,False,False,False
453,20201117_232122_709안밴드체크슬리부컷-159315554270952800_428894666.jpg,False,False,False,False,False,False
454,20201117_233144_리버풀와이드-159782392854171899_1256849262.jpg,False,False,False,False,False,False
455,20201117_233347_트럼펫바지-159791013994880500_373377078.jpg,False,False,False,False,False,False
456,20201118_001739_룰랑남방-160024656125696200_98047869.jpg,False,True,False,False,False,False
457,20201118_001739_룰랑남방-160024656125696200_98047869.jpg,False,False,False,False,False,False
458,2020_04 촬영원본-반-리-나스OK-1-(2111)-1.JPG,False,False,False,True,False,False
459,2020_04 촬영원본-반-리-나스OK-1-(2111)-1.JPG,False,False,False,True,False,False
460,2020_04 촬영원본-반-리-나스OK-1-(2111)-1.JPG,False,False,False,False,False,False
461,2020_04 촬영원본-반-리-나스OK-1-(2111)-1.JPG,False,False,False,False,False,False
462,2020_04 촬영원본-반-리-나스OK-3-(158)-d12.JPG,False,False,False,True,False,False
463,2020_04 촬영원본-반-리-나스OK-3-(158)-d12.JPG,False,False,False,False,False,False
464,2brand_006_05.jpg,False,True,False,False,False,False
465,2G5A1711.JPG,False,False,False,False,False,False
466,2G5A1711.JPG,False,False,False,True,False,False
467,2G5A2117.JPG,True,False,False,False,False,False
468,2G5A2117.JPG,False,False,False,False,False,False
469,2G5A2152.JPG,True,False,False,False,False,False
470,2G5A2152.JPG,False,False,False,False,False,False
471,2G5A2195.JPG,True,False,False,False,False,False
472,2G5A2195.JPG,True,False,False,False,False,False
473,2G5A2195.JPG,False,False,False,False,False,False
474,2G5A2195.JPG,False,False,False,False,False,False
475,2G5A3291.JPG,False,False,False,True,False,False
476,2G5A3291.JPG,False,False,False,False,False,False
477,2G5A3335.JPG,False,False,False,True,False,False
478,2G5A3335.JPG,False,False,False,True,False,False
479,2G5A3335.JPG,False,False,False,False,False,False
480,2G5A3335.JPG,False,False,False,False,False,False
481,2G5A3399.JPG,False,False,False,True,False,False
482,2G5A3399.JPG,False,False,False,False,False,False
483,"33-(10)-sk1601(4)-위더트랜드(대행,도트) 7.7-02-IMG_1535.jpg",False,False,False,True,False,False
484,"33-(10)-sk1601(4)-위더트랜드(대행,도트) 7.7-02-IMG_1535.jpg",False,False,False,True,False,False
485,"33-(10)-sk1601(4)-위더트랜드(대행,도트) 7.7-02-IMG_1535.jpg",False,False,False,False,False,False
486,"33-(10)-sk1601(4)-위더트랜드(대행,도트) 7.7-02-IMG_1535.jpg",False,False,False,False,False,False
487,"33-(10)-sk1601(4)-위더트랜드(대행,도트) 7.7-02-IMG_1613.jpg",False,False,False,False,False,False
488,"33-(10)-sk1602(3)-위더트랜드(대행,튤립리본) 7.7-08-IMG_2603.jpg",False,False,True,False,False,False
489,"33-(10)-sk1602(3)-위더트랜드(대행,튤립리본) 7.7-08-IMG_2603.jpg",False,False,False,False,False,False
490,"33-(10)-sk1602(3)-위더트랜드(대행,튤립리본) 7.7-08-IMG_2687.jpg",False,False,True,False,False,False
491,"33-(10)-sk1602(3)-위더트랜드(대행,튤립리본) 7.7-08-IMG_2687.jpg",False,False,True,False,False,False
492,"33-(10)-sk1602(3)-위더트랜드(대행,튤립리본) 7.7-08-IMG_2687.jpg",False,False,False,False,False,False
493,"33-(10)-sk1602(3)-위더트랜드(대행,튤립리본) 7.7-08-IMG_2687.jpg",False,False,False,False,False,False
494,"35-(10)-sk1621(2)-뽐(대행,티라미슈SKT) 7.20-01-924A1224.jpg",False,False,False,False,False,False
495,"35-(10)-sk1621(2)-뽐(대행,티라미슈SKT) 7.20-01-924A1224.jpg",False,False,False,False,False,False
496,"35-(10)-sk1621(2)-뽐(대행,티라미슈SKT) 7.20-01-924A1224.jpg",False,True,False,False,False,False
497,"35-(10)-sk1621(2)-뽐(대행,티라미슈SKT) 7.20-01-924A1224.jpg",False,True,False,False,False,False
498,"35-(10)-sk1621(2)-뽐(대행,티라미슈SKT) 7.20-01-924A1263.jpg",False,False,False,False,False,False
499,"35-(10)-sk1621(2)-뽐(대행,티라미슈SKT) 7.20-01-924A1300.jpg",False,False,False,False,False,False
500,"35-(10)-sk1621(2)-뽐(대행,티라미슈SKT) 7.20-01-924A1300.jpg",False,False,False,False,False,False
501,"35-(10)-sk1621(2)-뽐(대행,티라미슈SKT) 7.20-01-924A1300.jpg",False,True,False,False,False,False
502,"35-(10)-sk1621(2)-뽐(대행,티라미슈SKT) 7.20-01-924A1300.jpg",False,True,False,False,False,False
503,"4-반삭완료-20190128(샘플)-국내0124-할당-sk2204k91(3)-소은이(샘플,사나sk)01.25-1(메인이미지)-IMG_4512.JPG",False,False,False,False,False,False
504,"4-반삭완료-20190128(샘플)-국내0124-할당-t2933k91(3)-인디핑크(샘플,글리시M)01.25-1-IMG_3457.JPG",False,True,False,False,False,False
505,"4-반삭완료-20190128(샘플)-국내0124-할당-t2933k91(3)-인디핑크(샘플,글리시M)01.25-1-IMG_3457.JPG",False,True,False,False,False,False
506,"4-반삭완료-20190128(샘플)-국내0124-할당-t2933k91(3)-인디핑크(샘플,글리시M)01.25-1-IMG_3457.JPG",False,False,False,False,False,False
507,"4-반삭완료-20190128(샘플)-국내0124-할당-t2933k91(3)-인디핑크(샘플,글리시M)01.25-1-IMG_3457.JPG",False,False,False,False,False,False
508,"6-(10)-ops1240(2)-다다(대행,수잔) 3.13-02-IMG_1479.JPG",False,True,False,False,False,False
509,6sk1938-1 (1422).jpg,False,True,False,False,False,False
510,6sk1938-1 (1422).jpg,False,True,False,False,False,False
511,6sk1938-1 (2523).jpg,False,False,False,True,False,False
512,6sk1938-1 (706).jpg,False,False,False,True,False,False
513,80426(대행)24-bl13-2080 (1775).jpg,False,False,False,True,False,False
514,80426(대행)24-bl13-2080 (3350).jpg,False,False,False,True,False,False
515,80426(대행)24-bl13-2080 (3350).jpg,False,False,False,True,False,False
516,80426(대행)24-bl13-2080 (3350).jpg,False,False,False,False,False,False
517,80426(대행)24-bl13-2080 (3350).jpg,False,False,False,False,False,False
518,80426(대행)24-bl13-2080 (3360).jpg,False,False,False,True,False,False
519,80426(대행)24-bl13-2080 (3360).jpg,False,False,False,False,False,False
520,80426(대행)24-bl13-2080 (4379).jpg,False,False,False,True,False,False
521,80426(대행)24-bl13-2080 (4379).jpg,False,False,False,False,False,False
522,80426(대행)24-bl13-2080 (4389).jpg,False,False,False,True,False,False
523,80426(대행)24-bl13-2080 (4389).jpg,False,False,False,False,False,False
524,80426(대행)24-bl13-2080 (5189).jpg,False,False,True,False,False,False
525,80426(대행)24-bl13-2080 (5189).jpg,False,False,False,False,False,False
526,aldkjflkdjf_3 (442).JPG,False,False,False,True,False,False
527,aldkjflkdjf_3 (442).JPG,False,False,False,False,False,False
528,aldkjflkdjf_3 (452).JPG,False,False,False,True,False,False
529,aldkjflkdjf_3 (452).JPG,False,False,False,True,False,False
530,aldkjflkdjf_3 (452).JPG,False,False,False,False,False,False
531,aldkjflkdjf_3 (452).JPG,False,False,False,False,False,False
532,Ann_001_10.jpg,False,False,False,False,False,False
533,Ann_019_03.jpg,False,True,False,False,False,False
534,Ave29Th_453_01.jpg,False,True,False,False,False,False
535,Ave29Th_453_01.jpg,False,False,False,False,False,False
536,Ave29Th_453_img.jpg,False,True,False,False,False,False
537,Ave29Th_492_09.jpg,False,False,False,True,False,False
538,BandM_096_06.jpg,False,False,False,False,False,False
539,banhana_082_02.jpg,False,True,False,False,False,False
540,banhana_082_20.jpg,False,True,False,False,False,False
541,banhana_295_04.jpg,False,True,False,False,False,False
542,Barcode_100_00_HS_바이엘.jpg,False,True,False,False,False,False
543,barrica_096_img.jpg,False,False,False,False,False,False
544,barrica_150_img.jpg,False,False,False,False,False,False
545,barrica_154_02_1.jpg,False,True,False,False,False,False
546,barrica_154_02_1.jpg,False,False,False,False,False,False
547,batch_GATE_208_04.jpg,False,False,False,False,False,True
548,batch_GATE_208_04.jpg,False,False,False,False,False,False
549,Bella_002_03.jpg,False,False,False,True,False,False
550,bl1145-bl1145-s_11.jpg,True,False,False,False,False,False
551,bl1987k91-bl1987k91-s_6.jpg,False,True,False,False,False,False
552,bl1987k91-bl1987k91-s_6.jpg,False,False,False,False,False,False
553,bl2172c93-bl2172c93-s_4.jpg,False,True,False,False,False,False
554,bl2172c93-bl2172c93-s_4.jpg,False,True,False,False,False,False
555,bl2172c93-bl2172c93-s_4.jpg,False,False,False,False,False,False
556,bl2172c93-bl2172c93-s_4.jpg,False,False,False,False,False,False
557,bl2491c96-600_5.jpg,False,False,False,True,False,False
558,bl914-bl914-s_08.jpg,True,False,False,False,False,False
559,bl914-bl914-s_08.jpg,False,False,False,False,False,False
560,bl916-bl916-s_5.jpg,False,True,False,False,False,False
561,bl923-bl923-s_05.jpg,False,True,False,False,False,False
562,bl923-bl923-s_05.jpg,False,True,False,False,False,False
563,bl923-bl923-s_05.jpg,False,False,False,False,False,False
564,bl923-bl923-s_05.jpg,False,False,False,False,False,False
565,bl964-bl964-s_01.jpg,False,True,False,False,False,False
566,bl997-bl997-s_03.jpg,False,True,False,False,False,False
567,bl997-bl997-s_03.jpg,False,True,False,False,False,False
568,bl997-bl997-s_03.jpg,False,False,False,False,False,False
569,bl997-bl997-s_03.jpg,False,False,False,False,False,False
570,BLEE_124_08.jpg,False,False,False,True,False,False
571,BLEE_125_11_7.jpg,False,False,False,False,False,True
572,BLEE_125_11_7.jpg,False,False,False,False,False,False
573,Blondie_138_img.jpg,True,False,False,False,False,False
574,Blondie_140_09.jpg,False,True,False,False,False,False
575,Blondie_150_07.jpg,False,False,False,True,False,False
576,Blondie_150_07.jpg,False,False,False,False,False,False
577,bqwertf-(309).jpg,False,True,False,False,False,False
578,bqwertf-(319).jpg,False,False,False,False,False,False
579,bqwertf-(319).jpg,False,True,False,False,False,False
580,Buying_066_img.jpg,False,False,False,False,False,False
581,Buying_105_17.jpg,False,False,False,True,False,False
582,Buying_116_02.jpg,False,True,False,False,False,False
583,Buying_116_02.jpg,False,True,False,False,False,False
584,Buying_116_02.jpg,False,False,False,False,False,False
585,Buying_116_02.jpg,False,False,False,False,False,False
586,byhoney_147_10_1.jpg,True,False,False,False,False,False
587,byhoney_147_10_1.jpg,True,False,False,False,False,False
588,byhoney_147_10_1.jpg,False,False,False,False,False,False
589,byhoney_147_10_1.jpg,False,False,False,False,False,False
590,byhoney_147_20.jpg,True,False,False,False,False,False
591,byhoney_147_20.jpg,False,False,False,False,False,False
592,byhoney_151_07.jpg,True,False,False,False,False,False
593,byhoney_152_00_HS_오프워싱T.jpg,True,False,False,False,False,False
594,byhoney_152_12.jpg,True,False,False,False,False,False
595,byhoney_152_12.jpg,False,False,False,False,False,False
596,byhoney_155_07.jpg,True,False,False,False,False,False
597,byhoney_155_07.jpg,False,False,False,False,False,False
598,c88bl1800-c88bl1800-s_11.jpg,False,True,False,False,False,False
599,c88sk2007-c88sk2007-s_2.jpg,False,True,False,False,False,False
600,c88sk2007-c88sk2007-s_2.jpg,False,False,False,False,False,False
601,CAROL_008_03.jpg,False,False,False,True,False,False
602,CAROL_022_06.jpg,False,True,False,False,False,False
603,cd1020c07-600_2.jpg,False,False,False,True,False,False
604,cd1020c07-600_2.jpg,False,False,False,False,False,False
605,cd1068k07-270_1.jpg,False,True,False,False,False,False
606,cd1068k07-s_2.jpg,False,True,False,False,False,False
607,cd393-cd393-s_9.jpg,False,False,False,False,False,False
608,cd393-cd393-s_9.jpg,False,True,False,False,False,False
609,cd512c89-cd512c89-s_8.jpg,False,True,False,False,False,False
610,cd545k8a-cd545k8a-s_8.jpg,False,False,False,False,True,False
611,cd545k8a-cd545k8a-s_8.jpg,False,True,False,False,False,False
612,cd558k8b-cd558k8b-s_1.jpg,False,False,False,False,False,False
613,cd558k8b-cd558k8b-s_1.jpg,False,False,False,False,False,False
614,cd558k8b-cd558k8b-s_1.jpg,False,True,False,False,False,False
615,cd558k8b-cd558k8b-s_1.jpg,False,True,False,False,False,False
616,cd558k8b-cd558k8b-s_11.jpg,False,False,False,False,True,False
617,cd558k8b-cd558k8b-s_11.jpg,False,True,False,False,False,False
618,cd605k92-cd605k92-s_19.jpg,False,True,False,False,False,False
619,cd605k92-cd605k92-s_6.jpg,False,False,False,False,False,False
620,Clair.A_118_06.jpg,True,False,False,False,False,False
621,Clair.A_118_06.jpg,True,False,False,False,False,False
622,Clair.A_118_06.jpg,False,False,False,False,False,False
623,Clair.A_118_06.jpg,False,False,False,False,False,False
624,cocobenny_027_05.jpg,True,False,False,False,False,False
625,cocobenny_029_07.jpg,False,False,False,True,False,False
626,DAKS_1622_23.jpg,False,False,False,True,False,False
627,DAKS_1623_02.jpg,False,False,True,False,False,False
628,DAKS_1623_02.jpg,False,False,True,False,False,False
629,DAKS_1623_02.jpg,False,False,False,False,False,False
630,DAKS_1623_02.jpg,False,False,False,False,False,False
631,DAKS_1623_30.jpg,False,False,True,False,False,False
632,DAKS_1623_30.jpg,False,False,True,False,False,False
633,DAKS_1623_30.jpg,False,False,False,False,False,False
634,DAKS_1623_30.jpg,False,False,False,False,False,False
635,DAKS_1623_img.jpg,False,False,True,False,False,False
636,DAKS_1623_img.jpg,False,False,False,False,False,False
637,Dduddu_423_05.jpg,False,True,False,False,False,False
638,Dduddu_423_30.jpg,False,True,False,False,False,False
639,DHP06040.JPG,True,False,False,False,False,False
640,DHP06040.JPG,False,False,False,False,False,False
641,DHP06132.JPG,False,False,False,True,False,False
642,DHP06132.JPG,False,False,False,False,False,False
643,Dlap_060_02.jpg,True,False,False,False,False,False
644,dodre_110_08.jpg,False,False,False,False,False,False
645,Dokae_1197_03.jpg,False,False,False,True,False,False
646,Dokae_1197_img.jpg,False,False,False,True,False,False
647,Dokae_787_02.jpg,False,False,False,True,False,False
648,Dokae_794_16.jpg,True,False,False,False,False,False
649,Dokae_795_03.jpg,False,True,False,False,False,False
650,Dokae_795_imgs.jpg,True,False,False,False,False,False
651,Dokae_829_03.jpg,False,True,False,False,False,False
652,Dokae_829_img.jpg,False,True,False,False,False,False
653,doorim_1108_07.jpg,False,False,True,False,False,False
654,doorim_1108_07.jpg,False,False,True,False,False,False
655,doorim_1108_07.jpg,False,False,True,False,False,False
656,doorim_1108_07.jpg,False,False,True,False,False,False
657,doorim_1126_img.jpg,False,False,False,True,False,False
658,doorim_1129_05.jpg,False,False,False,True,False,False
659,DSC01505.jpg,False,False,True,False,False,False
660,DSC3 (78).jpg,False,False,False,False,False,False
661,DSC3 (78).jpg,False,False,False,False,False,False
662,DSC3 (78).jpg,False,False,False,False,False,True
663,DSC3 (78).jpg,False,False,False,False,False,True
664,dz1 (17).jpg,False,False,False,True,False,False
665,dz1 (27).jpg,False,False,False,True,False,False
666,eve-star_008_02.jpg,False,True,False,False,False,False
667,FallingJ_072_11_8.jpg,False,False,False,True,False,False
668,gjkrle_ (10336).JPG,False,True,False,False,False,False
669,gjkrle_ (10336).JPG,False,True,False,False,False,False
670,gjkrle_ (10336).JPG,False,False,False,False,False,False
671,gjkrle_ (10336).JPG,False,False,False,False,False,False
672,gjkrle_ (10346).JPG,False,True,False,False,False,False
673,gjkrle_ (10346).JPG,False,False,False,False,False,False
674,gjkrle_ (10356).JPG,False,True,False,False,False,False
675,gjkrle_ (10356).JPG,False,True,False,False,False,False
676,gjkrle_ (10356).JPG,False,False,False,False,False,False
677,gjkrle_ (10356).JPG,False,False,False,False,False,False
678,gjkrle_ (5103).JPG,False,False,False,True,False,False
679,gjkrle_ (6843).JPG,False,False,False,True,False,False
680,Gru_539_04.jpg,False,False,False,True,False,False
681,Gru_539_14.jpg,False,False,False,True,False,False
682,Gstudio_127_07.jpg,False,True,False,False,False,False
683,Gstudio_127_07.jpg,False,True,False,False,False,False
684,Gstudio_127_07.jpg,False,False,False,False,False,False
685,Gstudio_127_07.jpg,False,False,False,False,False,False
686,Gstudio_138_39.jpg,False,False,False,False,False,False
687,habanjang_275_02.jpg,False,True,False,False,False,False
688,Hanna_368_02.jpg,False,False,False,False,False,False
689,HONEYCOMB_054_05.jpg,False,True,False,False,False,False
690,HONGSTAR_032_03.jpg,False,False,False,False,False,False
691,HONGSTAR_032_50.jpg,False,True,False,False,False,False
692,HONGSTAR_032_50.jpg,False,False,False,False,False,False
693,HONGSTAR_032_img.jpg,False,False,False,False,False,False
694,HONGSTAR_067_09.jpg,False,False,False,False,False,False
695,HONGSTAR_067_09.jpg,False,False,False,False,False,False
696,HONGSTAR_067_09.jpg,False,True,False,False,False,False
697,HONGSTAR_067_09.jpg,False,True,False,False,False,False
698,HONGSTAR_067_56.jpg,False,False,False,False,False,False
699,HONGSTAR_067_56.jpg,False,False,False,False,False,False
700,HONGSTAR_067_56.jpg,False,True,False,False,False,False
701,HONGSTAR_067_56.jpg,False,True,False,False,False,False
702,IMG_0526.JPG,False,True,False,False,False,False
703,IMG_0526.JPG,False,True,False,False,False,False
704,IMG_0526.JPG,False,False,False,False,False,False
705,IMG_0526.JPG,False,False,False,False,False,False
706,IMG_0554.JPG,False,True,False,False,False,False
707,IMG_0554.JPG,False,True,False,False,False,False
708,IMG_0554.JPG,False,False,False,False,False,False
709,IMG_0554.JPG,False,False,False,False,False,False
710,IMG_0597.JPG,False,True,False,False,False,False
711,IMG_0597.JPG,False,False,False,False,False,False
712,IMG_0921.JPG,False,True,False,False,False,False
713,IMG_0966.JPG,False,False,False,True,False,False
714,IMG_0966.JPG,False,False,False,True,False,False
715,IMG_0966.JPG,False,False,False,False,False,False
716,IMG_0966.JPG,False,False,False,False,False,False
717,IMG_1127.JPG,False,True,False,False,False,False
718,IMG_1127.JPG,False,False,False,False,False,False
719,IMG_1475.JPG,False,False,False,True,False,False
720,IMG_1501.JPG,False,False,False,True,False,False
721,IMG_3978.JPG,False,False,False,False,False,False
722,IMG_3978.JPG,False,False,False,False,False,False
723,IMG_3978.JPG,False,False,False,False,False,False
724,IMG_3978.JPG,False,False,False,False,False,False
725,IMG_4051.JPG,False,True,False,False,False,False
726,IMG_4051.JPG,False,True,False,False,False,False
727,IMG_4051.JPG,False,False,False,False,False,False
728,IMG_4051.JPG,False,False,False,False,False,False
729,IMG_4735.JPG,False,False,True,False,False,False
730,IMG_7628.JPG,False,False,True,False,False,False
731,IMG_8210.JPG,False,True,False,False,False,False
732,IMG_8258.JPG,True,False,False,False,False,False
733,IMG_8266.JPG,False,False,True,False,False,False
734,IMG_8275.JPG,True,False,False,False,False,False
735,IMG_8325.JPG,False,True,False,False,False,False
736,IMG_8392.JPG,False,True,False,False,False,False
737,IMG_8445.JPG,False,True,False,False,False,False
738,IMG_8581.JPG,False,False,True,False,False,False
739,IMG_8671.JPG,False,True,False,False,False,False
740,IMG_8718.JPG,False,False,True,False,False,False
741,IMG_8737.JPG,False,False,False,False,False,False
742,IMG_8737.JPG,False,False,False,False,False,False
743,IMG_8737.JPG,False,False,False,True,False,False
744,IMG_8737.JPG,False,False,False,True,False,False
745,IMG_8756.JPG,False,False,True,False,False,False
746,IMG_8784.JPG,False,True,False,False,False,False
747,IMG_8890.JPG,False,False,True,False,False,False
748,IMG_8899.JPG,False,False,True,False,False,False
749,IMG_9070.JPG,False,False,False,False,False,True
750,IMG_9070.JPG,False,False,False,False,False,True
751,IMG_9070.JPG,False,False,False,False,False,False
752,IMG_9070.JPG,False,False,False,False,False,False
753,IMG_9093.JPG,False,True,False,False,False,False
754,IMG_9136.JPG,False,True,False,False,False,False
755,IMG_9136.JPG,False,False,False,False,False,False
756,IMG_9177.JPG,False,True,False,False,False,False
757,IMG_9219.jpg,False,True,False,False,False,False
758,J-tory_162_06.jpg,True,False,False,False,False,False
759,J-tory_162_06.jpg,False,False,False,False,False,False
760,J-tory_163_05.jpg,False,True,False,False,False,False
761,J-tory_164_03.jpg,False,True,False,False,False,False
762,J-tory_164_03.jpg,False,False,False,False,False,False
763,J-tory_494_01.jpg,True,False,False,False,False,False
764,J-tory_494_11.jpg,True,False,False,False,False,False
765,J-tory_495_08.jpg,False,True,False,False,False,False
766,J-tory_548_01.jpg,True,False,False,False,False,False
767,J-tory_548_11.jpg,True,False,False,False,False,False
768,J-tory_549_07.jpg,True,False,False,False,False,False
769,J-tory_549_07.jpg,False,False,False,False,False,False
770,J-tory_553_00_HJ_루이셔링.jpg,False,True,False,False,False,False
771,J-tory_553_img.jpg,False,True,False,False,False,False
772,J-tory_556_03.jpg,True,False,False,False,False,False
773,J-tory_556_03.jpg,True,False,False,False,False,False
774,J-tory_556_03.jpg,False,False,False,False,False,False
775,J-tory_556_03.jpg,False,False,False,False,False,False
776,J-tory_582_17.jpg,False,False,False,True,False,False
777,J-tory_583_09.jpg,False,False,False,True,False,False
778,Jewerly.Awesomebly_173_06.jpg,False,False,False,True,False,False
779,JEWERLY_074_08.jpg,False,True,False,False,False,False
780,JEWERLY_079_06.jpg,False,False,False,False,False,False
781,JEWERLY_079_06.jpg,False,False,False,False,False,False
782,JEWERLY_079_06.jpg,False,True,False,False,False,False
783,JEWERLY_079_06.jpg,False,True,False,False,False,False
784,jk1501c8c-jk1501c8c-s_4.jpg,False,False,False,False,False,False
785,jk1501c8c-jk1501c8c-s_4.jpg,False,False,False,False,False,False
786,jk1543k91-jk1543k91-s_10.jpg,False,False,False,False,False,False
787,jk1543k91-jk1543k91-s_10.jpg,False,True,False,False,False,False
788,jk1591k92-jk1591k92-s_2.jpg,False,False,False,False,True,False
789,jk1591k92-jk1591k92-s_2.jpg,False,False,False,False,False,False
790,jk1591k92-jk1591k92-s_2.jpg,False,True,False,False,False,False
791,jk1627c93-jk1627c93-s_11.jpg,False,False,False,False,False,False
792,jk1627c93-jk1627c93-s_11.jpg,False,False,False,False,False,False
793,jk1627c93-jk1627c93-s_11.jpg,False,False,False,True,False,False
794,jk1627c93-jk1627c93-s_11.jpg,False,False,False,True,False,False
795,jk1977c9b-jk1977c9b-s_1.jpg,False,True,False,False,False,False
796,jk1977c9b-jk1977c9b-s_1.jpg,False,False,False,False,False,False
797,jk2202k02-s_4.jpg,False,True,False,False,False,False
798,"jk2530k09-3go(코듀로이집업)0915얼굴컷,몸매보정(어깨부분일자로올려주세요,9번예시로작업-5-IMG_0843.JPG",False,True,False,False,False,False
799,"jk2530k09-3go(코듀로이집업)0915얼굴컷,몸매보정(어깨부분일자로올려주세요,9번예시로작업-5-IMG_0843.JPG",False,True,False,False,False,False
800,"jk2530k09-3go(코듀로이집업)0915얼굴컷,몸매보정(어깨부분일자로올려주세요,9번예시로작업-5-IMG_0843.JPG",False,False,False,False,False,False
801,"jk2530k09-3go(코듀로이집업)0915얼굴컷,몸매보정(어깨부분일자로올려주세요,9번예시로작업-5-IMG_0843.JPG",False,False,False,False,False,False
802,jk980-jk980-s_06.jpg,False,False,False,False,True,False
803,jk980-jk980-s_06.jpg,False,True,False,False,False,False
804,k86sk1938-1 (1839).jpg,False,False,True,False,False,False
805,k86sk1938-1 (1839).jpg,False,False,True,False,False,False
806,k86sk1938-1 (1839).jpg,False,False,False,False,False,False
807,k86sk1938-1 (1839).jpg,False,False,False,False,False,False
808,k86sk1938-1 (1881).jpg,False,False,False,True,False,False
809,k86sk1938-1 (1881).jpg,False,False,False,True,False,False
810,k86sk1938-1 (1881).jpg,False,False,False,False,False,False
811,k86sk1938-1 (1881).jpg,False,False,False,False,False,False
812,k86sk1938-1 (1928).jpg,False,False,False,True,False,False
813,k86sk1938-1 (1928).jpg,False,False,False,False,False,False
814,k86sk1938-1 (1958).jpg,False,False,False,True,False,False
815,k86sk1938-1 (1958).jpg,False,False,False,False,False,False
816,k86sk1938-1 (1970).jpg,False,False,False,True,False,False
817,k86sk1938-1 (1970).jpg,False,False,False,False,False,False
818,k86sk1938-1 (1992).jpg,False,False,False,True,False,False
819,k86sk1938-1 (1992).jpg,False,False,False,True,False,False
820,k86sk1938-1 (1992).jpg,False,False,False,False,False,False
821,k86sk1938-1 (1992).jpg,False,False,False,False,False,False
822,k86sk1938-1 (2007).jpg,True,False,False,False,False,False
823,k86sk1938-1 (2007).jpg,False,False,False,False,False,False
824,k86sk1938-1 (3269).jpg,True,False,False,False,False,False
825,k86sk1938-1 (3269).jpg,False,False,False,False,False,False
826,k86sk1938-1 (3736).jpg,False,False,True,False,False,False
827,k86sk1938-1 (3736).jpg,False,False,True,False,False,False
828,k86sk1938-1 (3736).jpg,False,False,False,False,False,False
829,k86sk1938-1 (3736).jpg,False,False,False,False,False,False
830,k86sk1938-1 (3746).jpg,False,False,True,False,False,False
831,k86sk1938-1 (3746).jpg,False,False,True,False,False,False
832,k86sk1938-1 (3746).jpg,False,False,False,False,False,False
833,k86sk1938-1 (3746).jpg,False,False,False,False,False,False
834,k86sk1938-1 (3774).jpg,False,False,False,True,False,False
835,k86sk1938-1 (3774).jpg,False,False,False,False,False,False
836,k86sk1938-1 (4067).jpg,False,False,False,True,False,False
837,k87bl1658-k87bl1658-s_7.jpg,False,False,False,True,False,False
838,k87bl1658-k87bl1658-s_7.jpg,False,False,False,True,False,False
839,k87bl1658-k87bl1658-s_7.jpg,False,False,False,False,False,False
840,k87bl1658-k87bl1658-s_7.jpg,False,False,False,False,False,False
841,"k87bl1682(3)-지끼(샘플,체크셔링블라우스) 7.11-1-IMG_7124.jpg",False,False,False,True,False,False
842,"k87bl1682(3)-지끼(샘플,체크셔링블라우스) 7.11-1-IMG_7124.jpg",False,False,False,False,False,False
843,"k87bl1682(3)-지끼(샘플,체크셔링블라우스) 7.11-1-IMG_7147.jpg",False,False,False,True,False,False
844,"k87bl1682(3)-지끼(샘플,체크셔링블라우스) 7.11-1-IMG_7167.jpg",False,False,False,True,False,False
845,"k87bl1682(3)-지끼(샘플,체크셔링블라우스) 7.11-1-IMG_7167.jpg",False,False,False,False,False,False
846,"k87bl1682(3)-지끼(샘플,체크셔링블라우스) 7.11-1-IMG_7187.jpg",False,False,False,True,False,False
847,"k87bl1682(3)-지끼(샘플,체크셔링블라우스) 7.11-1-IMG_7187.jpg",False,False,False,True,False,False
848,"k87bl1682(3)-지끼(샘플,체크셔링블라우스) 7.11-1-IMG_7187.jpg",False,False,False,False,False,False
849,"k87bl1682(3)-지끼(샘플,체크셔링블라우스) 7.11-1-IMG_7187.jpg",False,False,False,False,False,False
850,k88pt2853-k88pt2853-s_7.jpg,False,False,False,False,False,False
851,k88pt2876-k88pt2876-s_10.jpg,False,False,False,False,False,False
852,k89nt1023-k89nt1023-s_3.jpg,False,True,False,False,False,False
853,KakaoTalk_20190211_123502801.jpg,False,True,False,False,False,False
854,Labelle_070_06.jpg,False,True,False,False,False,False
855,Labelle_070_06.jpg,False,True,False,False,False,False
856,Labelle_070_06.jpg,False,False,False,False,False,False
857,Labelle_070_06.jpg,False,False,False,False,False,False
858,Labelle_173_00_KJ_랑방울배기.jpg,False,False,False,False,False,False
859,laskdmci_01 (447).jpg,False,False,False,True,False,False
860,laskdmci_01 (8200).JPG,False,False,False,True,False,False
861,laskdmci_01 (8200).JPG,False,False,False,True,False,False
862,laskdmci_01 (8200).JPG,False,False,False,False,False,False
863,laskdmci_01 (8200).JPG,False,False,False,False,False,False
864,Lounge-Vera_164_02.jpg,False,False,False,False,False,False
865,Lounge-Vera_164_02.jpg,False,True,False,False,False,False
866,Lounge-Vera_170_01.jpg,False,False,True,False,False,False
867,Lounge-Vera_170_11.jpg,False,False,True,False,False,False
868,Loveit_013_01.jpg,False,True,False,False,False,False
869,Loveit_013_11.jpg,False,True,False,False,False,False
870,Loveit_019_03.jpg,False,True,False,False,False,False
871,Loveit_019_03.jpg,False,False,False,False,False,False
872,Loveit_019_imgs.jpg,False,True,False,False,False,False
873,lwerkjdjc_2 (1014).jpg,False,False,False,True,False,False
874,lwerkjdjc_2 (141).jpg,False,False,True,False,False,False
875,lwerkjdjc_2 (141).jpg,False,False,False,False,False,False
876,lwerkjdjc_2 (4159).jpg,False,False,False,True,False,False
877,lwerkjdjc_2 (461).jpg,False,False,False,True,False,False
878,lwerkjdjc_2 (461).jpg,False,False,False,True,False,False
879,lwerkjdjc_2 (461).jpg,False,False,False,False,False,False
880,lwerkjdjc_2 (461).jpg,False,False,False,False,False,False
881,lwerkjdjc_2 (471).jpg,False,False,False,True,False,False
882,lwerkjdjc_2 (471).jpg,False,False,False,True,False,False
883,lwerkjdjc_2 (471).jpg,False,False,False,False,False,False
884,lwerkjdjc_2 (471).jpg,False,False,False,False,False,False
885,lwerkjdjc_2 (481).jpg,False,False,False,True,False,False
886,lwerkjdjc_2 (481).jpg,False,False,False,True,False,False
887,lwerkjdjc_2 (481).jpg,False,False,False,False,False,False
888,lwerkjdjc_2 (481).jpg,False,False,False,False,False,False
889,lwerkjdjc_2 (511).jpg,False,False,False,True,False,False
890,lwerkjdjc_2 (511).jpg,False,False,False,False,False,False
891,lwerkjdjc_2 (521).jpg,False,False,False,True,False,False
892,lwerkjdjc_2 (521).jpg,False,False,False,False,False,False
893,lwerkjdjc_2 (844).jpg,True,False,False,False,False,False
894,lwerkjdjc_2 (894).jpg,False,False,True,False,False,False
895,lwerkjdjc_2 (904).jpg,False,False,True,False,False,False
896,lwerkjdjc_2 (914).jpg,False,False,True,False,False,False
897,Mademoon_124_03.jpg,False,False,False,True,False,False
898,Mademoon_304_08.jpg,False,True,False,False,False,False
899,MAYJ_063_17.jpg,False,False,False,False,False,False
900,MAYJ_063_48.jpg,False,False,False,False,False,False
901,Milligram_040_04.jpg,False,False,False,True,False,False
902,MiniBus_002_04.jpg,False,True,False,False,False,False
903,Moda_094_imgs.jpg,False,False,False,False,False,False
904,Moda_094_imgs.jpg,False,False,False,False,False,False
905,Moda_094_imgs.jpg,False,False,True,False,False,False
906,Moda_094_imgs.jpg,False,False,True,False,False,False
907,Moda_101_04.jpg,False,True,False,False,False,False
908,Moda_118_img.jpg,False,True,False,False,False,False
909,MUN_811_04.jpg,True,False,False,False,False,False
910,MUN_969_05.jpg,False,True,False,False,False,False
911,MUN_973_10.jpg,False,False,False,True,False,False
912,nb939c98-600_1.jpg,False,True,False,False,False,False
913,nb939c98-s_6.jpg,False,True,False,False,False,False
914,nt1048c89-nt1048c89-s_8.jpg,False,True,False,False,False,False
915,nt1380c94-nt1380c94-s_6.jpg,False,False,False,True,False,False
916,nt1380c94-nt1380c94-s_6.jpg,False,False,False,True,False,False
917,nt1380c94-nt1380c94-s_6.jpg,False,False,False,False,False,False
918,nt1380c94-nt1380c94-s_6.jpg,False,False,False,False,False,False
919,nt1717c9b-nt1717c9b-s_9.jpg,False,True,False,False,False,False
920,nt1790c9c-270_2.jpg,False,True,False,False,False,False
921,nt1790c9c-s_3.jpg,False,True,False,False,False,False
922,nt1848c9c-s_8.jpg,False,True,False,False,False,False
923,nt2096c06-s_19.jpg,False,False,False,True,False,False
924,nt2096c06-s_19.jpg,False,False,False,True,False,False
925,nt2096c06-s_19.jpg,False,False,False,False,False,False
926,nt2096c06-s_19.jpg,False,False,False,False,False,False
927,nt599-nt599-s_4.jpg,False,True,False,False,False,False
928,nt599-nt599-s_4.jpg,False,True,False,False,False,False
929,nt599-nt599-s_4.jpg,False,False,False,False,False,False
930,nt599-nt599-s_4.jpg,False,False,False,False,False,False
931,"nt808(3)-니콤(대행,쟈가드P)12.07-09-1L5A4444.jpg",False,True,False,False,False,False
932,"nt808(3)-니콤(대행,쟈가드P)12.07-09-1L5A4444.jpg",False,False,False,False,False,False
933,"nt808(3)-니콤(대행,쟈가드P)12.07-09-1L5A4464.jpg",False,True,False,False,False,False
934,"nt808(3)-니콤(대행,쟈가드P)12.07-09-1L5A4464.jpg",False,False,False,False,False,False
935,nt895-nt895-s_12.jpg,False,False,False,True,False,False
936,nt895-nt895-s_12.jpg,False,False,False,True,False,False
937,nt895-nt895-s_12.jpg,False,False,False,False,False,False
938,nt895-nt895-s_12.jpg,False,False,False,False,False,False
939,"ops1882(2)-다다(대행,아이꽃)12.05-02-1L5A0454.jpg",False,True,False,False,False,False
940,"ops1882(2)-다다(대행,아이꽃)12.05-02-1L5A0474.jpg",False,True,False,False,False,False
941,ops2146-ops2146-s_12.jpg,False,False,False,True,False,False
942,ops2146-ops2146-s_12.jpg,False,False,True,False,False,False
943,ops2966k8a-ops2966k8a-s_13.jpg,False,True,False,False,False,False
944,ops2966k8a-ops2966k8a-s_13.jpg,False,True,False,False,False,False
945,ops2966k8a-ops2966k8a-s_13.jpg,False,False,False,False,False,False
946,ops2966k8a-ops2966k8a-s_13.jpg,False,False,False,False,False,False
947,ops3728c96-ops3728c96-s_3.jpg,False,False,False,True,False,False
948,ops3758c96-ops3758c96-s_3.jpg,False,False,False,True,False,False
949,ops3810c96-ops3810c96-s_1.jpg,False,False,False,True,False,False
950,ops4313c01-ops4313c01-s_5.jpg,False,True,False,False,False,False
951,ops4436k03-ops4436k03-s_7.jpg,True,False,False,False,False,False
952,ops4479c03-ops4479c03-s_8.jpg,False,True,False,False,False,False
953,ops4665k05-ops4665k05-s_11.jpg,False,False,False,True,False,False
954,Otgage_021_01.jpg,False,False,True,False,False,False
955,Otgage_021_19.jpg,False,False,True,False,False,False
956,Otgage_029_02.jpg,False,False,False,True,False,False
957,Otgage_029_img.jpg,False,False,False,True,False,False
958,pt2294-pt2294-s_02.jpg,True,False,False,False,False,False
959,pt2294-pt2294-s_02.jpg,True,False,False,False,False,False
960,pt2294-pt2294-s_02.jpg,False,False,False,False,False,False
961,pt2294-pt2294-s_02.jpg,False,False,False,False,False,False
962,pt3113k8a-pt3113k8a-s_2.jpg,False,True,False,False,False,False
963,pt3113k8a-pt3113k8a-s_2.jpg,False,False,False,False,False,False
964,pt3511k93-pt3511k93-s_4.jpg,False,False,False,True,False,False
965,pt3511k93-pt3511k93-s_4.jpg,False,False,False,True,False,False
966,pt3511k93-pt3511k93-s_4.jpg,False,False,False,False,False,False
967,pt3511k93-pt3511k93-s_4.jpg,False,False,False,False,False,False
968,pt4913k04-270_4.jpg,False,False,False,True,False,False
969,pt4913k04-270_4.jpg,False,False,False,False,False,False
970,pt4913k04-s_6.jpg,False,False,False,False,False,False
971,pt4950k04-s_8.jpg,False,False,False,True,False,False
972,pt4950k04-s_8.jpg,False,False,False,True,False,False
973,pt4950k04-s_8.jpg,False,False,False,False,False,False
974,pt4950k04-s_8.jpg,False,False,False,False,False,False
975,pt4961k04-600_4.jpg,False,False,False,True,False,False
976,pt4961k04-600_4.jpg,False,False,False,True,False,False
977,pt4961k04-600_4.jpg,False,False,False,False,False,False
978,pt4961k04-600_4.jpg,False,False,False,False,False,False
979,pt4961k04-s_8.jpg,False,False,False,True,False,False
980,pt4961k04-s_8.jpg,False,False,False,False,False,False
981,pt5474k07-pt5474k07-s_2.jpg,False,False,False,False,False,False
982,pt5481k07-pt5481k07-s_8.jpg,False,False,False,False,False,False
983,pt5485k07-pt5485k07-s_2.jpg,False,False,False,True,False,False
984,qwe1 (147).jpg,False,False,False,True,False,False
985,qwe1 (147).jpg,False,False,False,True,False,False
986,qwe1 (147).jpg,False,False,False,False,False,False
987,qwe1 (147).jpg,False,False,False,False,False,False
988,qwe1 (157).jpg,False,False,False,True,False,False
989,qwe1 (157).jpg,False,False,False,False,False,False
990,qwe1 (167).jpg,False,False,False,True,False,False
991,Re.L_008_03.jpg,False,False,False,True,False,False
992,REMOCON_015_05.jpg,False,False,False,False,False,False
993,SAERO_324_imgs.jpg,False,False,False,False,False,False
994,SAERO_378_08.jpg,False,True,False,False,False,False
995,SAERO_378_08.jpg,False,True,False,False,False,False
996,SAERO_378_08.jpg,False,False,False,False,False,False
997,SAERO_378_08.jpg,False,False,False,False,False,False
998,SAERO_403_05.jpg,False,True,False,False,False,False
999,SecretG_003_06.jpg,False,False,False,True,False,False
1000,set314-set314-s_06.jpg,False,False,True,False,False,False
1001,set314-set314-s_06.jpg,False,False,True,False,False,False
1002,set314-set314-s_06.jpg,False,True,False,False,False,False
1003,set314-set314-s_06.jpg,False,True,False,False,False,False
1004,set315-set315-s_04.jpg,False,True,False,False,False,False
1005,set408-set408-s_2.jpg,False,False,False,True,False,False
1006,set408-set408-s_2.jpg,False,False,False,True,False,False
1007,set408-set408-s_2.jpg,False,False,False,False,False,False
1008,set408-set408-s_2.jpg,False,False,False,False,False,False
1009,set673c97-set673c97-s_10.jpg,False,False,False,True,False,False
1010,set673c97-set673c97-s_10.jpg,False,False,False,True,False,False
1011,set673c97-set673c97-s_10.jpg,False,False,False,False,False,False
1012,set673c97-set673c97-s_10.jpg,False,False,False,False,False,False
1013,siutim_1231_10.jpg,False,True,False,False,False,False
1014,siutim_1231_img.jpg,False,True,False,False,False,False
1015,siutim_1234_05.jpg,False,True,False,False,False,False
1016,siutim_1234_33.jpg,False,True,False,False,False,False
1017,sk1601-sk1601-s_01.jpg,False,False,False,False,False,False
1018,SK1900-sk1900-s_7.jpg,False,False,True,False,False,False
1019,SK1900-sk1900-s_7.jpg,False,False,False,False,False,False
1020,"sk2113k8b(3)-언니쓰(대행,체크H SK)11.28-입술 살려서 얼굴 잘라주세여-DSC_3985.jpg",False,True,False,False,False,False
1021,"sk2113k8b(3)-언니쓰(대행,체크H SK)11.28-입술 살려서 얼굴 잘라주세여-DSC_3985.jpg",False,True,False,False,False,False
1022,"sk2113k8b(3)-언니쓰(대행,체크H SK)11.28-입술 살려서 얼굴 잘라주세여-DSC_3985.jpg",False,False,False,False,False,False
1023,"sk2113k8b(3)-언니쓰(대행,체크H SK)11.28-입술 살려서 얼굴 잘라주세여-DSC_3985.jpg",False,False,False,False,False,False
1024,"sk2113k8b(3)-언니쓰(대행,체크H SK)11.28-입술 살려서 얼굴 잘라주세여-DSC_4015.jpg",False,True,False,False,False,False
1025,"sk2113k8b(3)-언니쓰(대행,체크H SK)11.28-입술 살려서 얼굴 잘라주세여-DSC_4015.jpg",False,False,False,False,False,False
1026,"sk2113k8b(3)-언니쓰(대행,체크H SK)11.28-입술 살려서 얼굴 잘라주세여-DSC_4059.jpg",False,False,False,False,False,False
1027,sk2113k8b-sk2113k8b-s_6.jpg,False,True,False,False,False,False
1028,sk2113k8b-sk2113k8b-s_6.jpg,False,False,False,False,False,False
1029,"sk2114k8b(2)-언니쓰(대행,체크기모주름SK)11.28-입술 살려서 얼굴 잘라주세여1-DSC_4141.jpg",False,True,False,False,False,False
1030,"sk2114k8b(2)-언니쓰(대행,체크기모주름SK)11.28-입술 살려서 얼굴 잘라주세여1-DSC_4141.jpg",False,False,False,False,False,False
1031,"sk2115k8b(2)-언니쓰(대행,체크고방주름SK)11.28-입술 살려서 얼굴 잘라주세여-DSC_4504.jpg",False,True,False,False,False,False
1032,"sk2115k8b(2)-언니쓰(대행,체크고방주름SK)11.28-입술 살려서 얼굴 잘라주세여-DSC_4504.jpg",False,False,False,False,False,False
1033,"sk2115k8b(2)-언니쓰(대행,체크고방주름SK)11.28-입술 살려서 얼굴 잘라주세여-DSC_4526.jpg",False,True,False,False,False,False
1034,"sk2115k8b(2)-언니쓰(대행,체크고방주름SK)11.28-입술 살려서 얼굴 잘라주세여-DSC_4526.jpg",False,True,False,False,False,False
1035,"sk2115k8b(2)-언니쓰(대행,체크고방주름SK)11.28-입술 살려서 얼굴 잘라주세여-DSC_4526.jpg",False,False,False,False,False,False
1036,"sk2115k8b(2)-언니쓰(대행,체크고방주름SK)11.28-입술 살려서 얼굴 잘라주세여-DSC_4526.jpg",False,False,False,False,False,False
1037,"sk2115k8b(2)-언니쓰(대행,체크고방주름SK)11.28-입술 살려서 얼굴 잘라주세여-DSC_4555.jpg",False,True,False,False,False,False
1038,"sk2115k8b(2)-언니쓰(대행,체크고방주름SK)11.28-입술 살려서 얼굴 잘라주세여-DSC_4555.jpg",False,False,False,False,False,False
1039,"sk2116k8b(2)-언니쓰(대행,도트SK)11.28-입술 살려서 얼굴 잘라주세여-DSC_4357.jpg",False,True,False,False,False,False
1040,"sk2116k8b(2)-언니쓰(대행,도트SK)11.28-입술 살려서 얼굴 잘라주세여-DSC_4357.jpg",False,True,False,False,False,False
1041,"sk2116k8b(2)-언니쓰(대행,도트SK)11.28-입술 살려서 얼굴 잘라주세여-DSC_4357.jpg",False,False,False,False,False,False
1042,"sk2116k8b(2)-언니쓰(대행,도트SK)11.28-입술 살려서 얼굴 잘라주세여-DSC_4357.jpg",False,False,False,False,False,False
1043,sk2116k8b-sk2116k8b-s_8.jpg,False,False,False,False,False,False
1044,sk2136k8c-sk2136k8c-s_11.jpg,False,True,False,False,False,False
1045,sk2136k8c-sk2136k8c-s_11.jpg,False,True,False,False,False,False
1046,sk2136k8c-sk2136k8c-s_11.jpg,False,False,False,False,False,False
1047,sk2136k8c-sk2136k8c-s_11.jpg,False,False,False,False,False,False
1048,sk2142k8c-sk2142k8c-s_5.jpg,False,False,False,False,False,False
1049,sk2254k92-sk2254k92-s_8.jpg,False,False,False,True,False,False
1050,sk2254k92-sk2254k92-s_8.jpg,False,False,False,False,False,False
1051,sk2260k93-sk2260k93-s_5.jpg,False,False,False,True,False,False
1052,sk2260k93-sk2260k93-s_5.jpg,False,False,False,False,False,False
1053,sk2261k93-sk2261k93-s_5.jpg,False,True,False,False,False,False
1054,sk2261k93-sk2261k93-s_5.jpg,False,True,False,False,False,False
1055,sk2261k93-sk2261k93-s_5.jpg,False,False,False,False,False,False
1056,sk2261k93-sk2261k93-s_5.jpg,False,False,False,False,False,False
1057,sk2273k93-sk2273k93-s_10.jpg,False,False,False,False,False,False
1058,sk2330c94-sk2330c94-s_10.jpg,False,False,False,True,False,False
1059,sk2330c94-sk2330c94-s_10.jpg,False,False,False,True,False,False
1060,sk2330c94-sk2330c94-s_10.jpg,False,False,False,False,False,False
1061,sk2330c94-sk2330c94-s_10.jpg,False,False,False,False,False,False
1062,sk2333k94-sk2333k94-s_7.jpg,False,False,False,True,False,False
1063,sk2333k94-sk2333k94-s_7.jpg,False,False,False,True,False,False
1064,sk2333k94-sk2333k94-s_7.jpg,False,False,False,False,False,False
1065,sk2333k94-sk2333k94-s_7.jpg,False,False,False,False,False,False
1066,sk2362k96-sk2362k96-s_1.jpg,False,False,False,False,False,False
1067,sk2362k96-sk2362k96-s_12.jpg,False,False,False,False,False,False
1068,sk2374c97-sk2374c97-s_8.jpg,False,False,False,True,False,False
1069,sk2374c97-sk2374c97-s_8.jpg,False,False,False,True,False,False
1070,sk2374c97-sk2374c97-s_8.jpg,False,False,False,False,False,False
1071,sk2374c97-sk2374c97-s_8.jpg,False,False,False,False,False,False
1072,sk2796c06-600_6.jpg,False,False,False,False,False,False
1073,sk2796c06-s_20.jpg,False,False,False,True,False,False
1074,sk2796c06-s_20.jpg,False,False,False,True,False,False
1075,sk2796c06-s_20.jpg,False,False,False,False,False,False
1076,sk2796c06-s_20.jpg,False,False,False,False,False,False
1077,sk2836c07-s_6.jpg,False,False,False,True,False,False
1078,sk2836c07-s_6.jpg,False,False,False,True,False,False
1079,sk2836c07-s_6.jpg,False,False,False,False,False,False
1080,sk2836c07-s_6.jpg,False,False,False,False,False,False
1081,sk2843c07-600_6.jpg,False,False,False,False,False,False
1082,sk2844c07-270_2.jpg,False,False,False,False,False,False
1083,sk2844c07-270_2.jpg,False,False,False,False,False,False
1084,sk2844c07-s_3.jpg,False,False,False,False,False,False
1085,sk2848c07-270_2.jpg,False,False,False,False,False,False
1086,sk2848c07-s_2.jpg,False,False,False,False,False,False
1087,sk2960k08-sk2960k08-s_6.jpg,False,False,False,False,False,False
1088,sk2960k08-sk2960k08-s_6.jpg,False,True,False,False,False,False
1089,Style-B_140_04.jpg,False,False,False,False,False,False
1090,Style-B_140_04.jpg,True,False,False,False,False,False
1091,Style-B_140_30.jpg,False,False,False,False,True,False
1092,Style-B_140_30.jpg,False,False,False,False,True,False
1093,Style-B_140_30.jpg,True,False,False,False,False,False
1094,Style-B_140_30.jpg,True,False,False,False,False,False
1095,Style-B_150_10.jpg,False,False,True,False,False,False
1096,Style-B_150_10.jpg,False,False,True,False,False,False
1097,Style-B_150_10.jpg,False,False,False,False,False,False
1098,Style-B_150_10.jpg,False,False,False,False,False,False
1099,Style-B_150_10.jpg,True,False,False,False,False,False
1100,Style-B_150_10.jpg,True,False,False,False,False,False
1101,Style-B_154_03.jpg,False,False,False,False,False,False
1102,Style-B_154_03.jpg,True,False,False,False,False,False
1103,Style-B_154_30.jpg,False,False,True,False,False,False
1104,Style-B_154_30.jpg,False,False,False,False,False,False
1105,Style-B_154_30.jpg,True,False,False,False,False,False
1106,t3556k9b-t3556k9b-s_3.jpg,False,True,False,False,False,False
1107,t3556k9b-t3556k9b-s_3.jpg,False,True,False,False,False,False
1108,t3556k9b-t3556k9b-s_3.jpg,False,False,False,False,False,False
1109,t3556k9b-t3556k9b-s_3.jpg,False,False,False,False,False,False
1110,t3794k02-s_7.jpg,False,True,False,False,False,False
1111,t4424k07-t4424k07-s_12.jpg,False,False,False,True,False,False
1112,t4727k08-270_6.jpg,False,True,False,False,False,False
1113,t4727k08-270_6.jpg,False,False,False,False,False,False
1114,t4727k08-s_8.jpg,False,True,False,False,False,False
1115,t4727k08-s_8.jpg,False,True,False,False,False,False
1116,t4727k08-s_8.jpg,False,False,False,False,False,False
1117,t4727k08-s_8.jpg,False,False,False,False,False,False
1118,Thenew_016_10.jpg,False,False,True,False,False,False
1119,Thenew_027_00_ES_지방시OPS.jpg,False,True,False,False,False,False
1120,Thenew_027_00_ES_지방시OPS.jpg,False,True,False,False,False,False
1121,Thenew_027_00_ES_지방시OPS.jpg,False,False,True,False,False,False
1122,Thenew_027_00_ES_지방시OPS.jpg,False,False,True,False,False,False
1123,Thenew_047_00_HS_제니OPS.jpg,False,True,False,False,False,False
1124,Thenew_052_00_HS_아가타OPS.jpg,False,True,False,False,False,False
1125,Theyull_022_03.jpg,False,False,False,True,False,False
1126,Theyull_022_img.jpg,False,False,False,True,False,False
1127,Theyull_024_img.jpg,True,False,False,False,False,False
1128,Theyull_035_09.jpg,True,False,False,False,False,False
1129,TimelessC_026_08.jpg,False,True,False,False,False,False
1130,TimelessC_030_06.jpg,False,True,False,False,False,False
1131,TimelessC_139_06.jpg,False,False,False,False,False,False
1132,TimelessC_139_55.jpg,False,True,False,False,False,False
1133,TimelessC_139_55.jpg,False,False,False,False,False,False
1134,Tirang_046_18.jpg,False,True,False,False,False,False
1135,Tirang_046_18.jpg,False,False,False,False,False,False
1136,Topgirl_003_06.jpg,True,False,False,False,False,False
1137,u_148946306153256700_522137906.jpg,False,True,False,False,False,False
1138,u_152342172281264000_1407354212.jpg,False,False,False,True,False,False
1139,u_152350188036827400_1753396975.jpg,False,False,False,True,False,False
1140,u_152350188076274500_1295835838.jpg,False,False,False,True,False,False
1141,u_152404290324145900_1975646146.jpg,False,False,False,True,False,False
1142,u_152480161594474000_895942708.jpg,False,False,False,True,False,False
1143,u_152480161594474000_895942708.jpg,False,False,False,False,False,False
1144,u_152505768924253500_1418340269.jpg,False,False,False,True,False,False
1145,u_152505768924253500_1418340269.jpg,False,False,False,True,False,False
1146,u_152505768924253500_1418340269.jpg,False,False,False,False,False,False
1147,u_152505768924253500_1418340269.jpg,False,False,False,False,False,False
1148,u_152505954738719200_1216378176.jpg,False,False,False,True,False,False
1149,u_152540458341015100_907388874.jpg,False,False,False,True,False,False
1150,u_152540458341015100_907388874.jpg,False,False,False,True,False,False
1151,u_152540458341015100_907388874.jpg,False,False,False,False,False,False
1152,u_152540458341015100_907388874.jpg,False,False,False,False,False,False
1153,u_152593104293269400_1969469215.jpg,False,False,False,True,False,False
1154,u_152593104293269400_1969469215.jpg,False,False,False,True,False,False
1155,u_152593104293269400_1969469215.jpg,False,False,False,False,False,False
1156,u_152593104293269400_1969469215.jpg,False,False,False,False,False,False
1157,u_152601058245201900_2044883117.jpg,True,False,False,False,False,False
1158,u_152635681734085100_2105086511.jpg,False,False,False,True,False,False
1159,u_154356316440074000_822459654.jpg,False,True,False,False,False,False
1160,u_154356316440074000_822459654.jpg,False,False,False,False,False,False
1161,u_154778926024464900_598381617.jpg,False,True,False,False,False,False
1162,u_154822500274162500_265015991.jpg,False,True,False,False,False,False
1163,u_154831276769210600_2079177487.jpg,True,False,False,False,False,False
1164,u_154831276769210600_2079177487.jpg,False,False,False,False,False,True
1165,u_154872992880412400_154548796.jpg,False,True,False,False,False,False
1166,u_154872992880412400_154548796.jpg,False,True,False,False,False,False
1167,u_154872992880412400_154548796.jpg,False,False,False,False,False,False
1168,u_154872992880412400_154548796.jpg,False,False,False,False,False,False
1169,u_154892475770878500_114196341.jpg,False,True,False,False,False,False
1170,u_155064964144790500_580584569.jpg,False,True,False,False,False,False
1171,u_155246748357337200_982679082.jpg,False,True,False,False,False,False
1172,u_155324128329089500_860010130.jpg,False,True,False,False,False,False
1173,u_155358723675656000_817569930.jpg,False,False,False,True,False,False
1174,u_155782367735148700_1696785805.jpg,False,False,True,False,False,False
1175,u_156627501878429500_1564500158.jpg,False,True,False,False,False,False
1176,u_156636516070483700_1231316709.jpg,False,True,False,False,False,False
1177,u_156654579926351000_1378950142.jpg,False,True,False,False,False,False
1178,u_156654579926351000_1378950142.jpg,False,True,False,False,False,False
1179,u_156654579926351000_1378950142.jpg,False,False,False,False,False,False
1180,u_156654579926351000_1378950142.jpg,False,False,False,False,False,False
1181,u_156654604532695700_1849031243.jpg,False,True,False,False,False,False
1182,u_156654604532695700_1849031243.jpg,False,False,False,False,False,False
1183,u_156896431017083000_1108894819.jpg,False,True,False,False,False,False
1184,u_156896431017083000_1108894819.jpg,False,False,False,False,False,False
1185,u_156896535735305200_1069744864.jpg,False,True,False,False,False,False
1186,u_156948184645461300_611530222.jpg,False,True,False,False,False,False
1187,u_156948184645461300_611530222.jpg,False,False,False,False,False,False
1188,u_156948432014289900_711319936.jpg,False,True,False,False,False,False
1189,u_156956872489066300_868409187.jpg,False,True,False,False,False,False
1190,u_156982717814981600_1291049283.jpg,False,True,False,False,False,False
1191,u_156982717814981600_1291049283.jpg,False,True,False,False,False,False
1192,u_156982717814981600_1291049283.jpg,False,False,False,False,False,False
1193,u_156982717814981600_1291049283.jpg,False,False,False,False,False,False
1194,u_157234807517731200_2124158917.jpg,False,True,False,False,False,False
1195,u_157234807517731200_2124158917.jpg,False,False,False,False,False,False
1196,vicky_069_01.jpg,False,False,False,False,False,False
1197,vicky_069_11.jpg,False,True,False,False,False,False
1198,vicky_069_11.jpg,False,True,False,False,False,False
1199,vicky_069_11.jpg,False,False,False,False,False,False
1200,vicky_069_11.jpg,False,False,False,False,False,False
1201,"vt106(2)-지구촌(대행,여인J)12.01-04-IMG_1551.jpg",False,False,True,False,False,False
1202,vt343k07-600_2.jpg,False,True,False,False,False,False
1203,vt343k07-600_2.jpg,False,False,False,False,False,True
1204,vt343k07-s_10.jpg,False,True,False,False,False,False
1205,vt343k07-s_10.jpg,False,True,False,False,False,False
1206,vt343k07-s_10.jpg,False,False,False,False,False,True
1207,vt343k07-s_10.jpg,False,False,False,False,False,True
1208,vt346c08-s_4.jpg,False,True,False,False,False,False
1209,vt346c08-s_4.jpg,False,True,False,False,False,False
1210,vt346c08-s_4.jpg,False,False,True,False,False,False
1211,vt346c08-s_4.jpg,False,False,True,False,False,False
1212,vt350k08-270_3.jpg,False,True,False,False,False,False
1213,vt350k08-270_3.jpg,False,True,False,False,False,False
1214,vt350k08-270_3.jpg,False,False,False,False,False,False
1215,vt350k08-270_3.jpg,False,False,False,False,False,False
1216,vt350k08-270_3.jpg,False,False,False,False,False,True
1217,vt350k08-270_3.jpg,False,False,False,False,False,True
1218,vt350k08-600_6.jpg,False,True,False,False,False,False
1219,vt350k08-600_6.jpg,False,True,False,False,False,False
1220,vt350k08-600_6.jpg,False,False,False,False,False,True
1221,vt350k08-600_6.jpg,False,False,False,False,False,True
1222,vt356c09-s_5.jpg,False,True,False,False,False,False
1223,vt356c09-s_5.jpg,False,True,False,False,False,False
1224,vt356c09-s_5.jpg,False,False,True,False,False,False
1225,vt356c09-s_5.jpg,False,False,True,False,False,False
1226,vt357c09-270_3.jpg,False,False,False,True,False,False
1227,vt357c09-270_3.jpg,False,False,False,True,False,False
1228,vt357c09-270_3.jpg,False,False,False,False,False,True
1229,vt357c09-270_3.jpg,False,False,False,False,False,True
1230,vt357c09-s_2.jpg,False,False,False,True,False,False
1231,vt357c09-s_2.jpg,False,False,False,True,False,False
1232,vt357c09-s_2.jpg,False,False,False,False,False,False
1233,vt357c09-s_2.jpg,False,False,False,False,False,False
1234,vt357c09-s_2.jpg,False,False,False,False,False,True
1235,vt357c09-s_2.jpg,False,False,False,False,False,True
1236,vt358k09-270_1.jpg,False,True,False,False,False,False
1237,vt358k09-270_1.jpg,False,True,False,False,False,False
1238,vt358k09-270_1.jpg,False,False,False,False,False,True
1239,vt358k09-270_1.jpg,False,False,False,False,False,True
1240,vt358k09-s_11.jpg,False,True,False,False,False,False
1241,vt358k09-s_11.jpg,False,False,False,False,False,False
1242,vt358k09-s_11.jpg,False,False,False,False,False,True
1243,wer(1979).jpg,False,True,False,False,False,False
1244,wer(1989).jpg,False,True,False,False,False,False
1245,wer(1999).jpg,False,True,False,False,False,False
1246,wer(2009).jpg,False,True,False,False,False,False
1247,wer(2736).jpg,False,False,False,False,False,False
1248,wer(2736).jpg,False,False,False,False,False,False
1249,wer(2736).jpg,False,True,False,False,False,False
1250,wer(2736).jpg,False,True,False,False,False,False
1251,_MG_0723.jpg,True,False,False,False,False,False
1252,꿩-ops1683-ops1683-s_11.jpg,False,True,False,False,False,False
1253,"없음-1490-1490-bl685(2)-째즈(대행,소매꼬임)4.19-16-IMG_3415.jpg",False,False,False,True,False,False
1254,"없음-1490-1490-bl685(2)-째즈(대행,소매꼬임)4.19-16-IMG_3415.jpg",False,False,False,False,False,False
1255,"없음-1490-1490-bl685(2)-째즈(대행,소매꼬임)4.19-16-IMG_3455.jpg",False,False,False,True,False,False
1256,"없음-1490-1490-bl685(2)-째즈(대행,소매꼬임)4.19-16-IMG_3455.jpg",False,False,False,False,False,False
1257,"없음-1490-1490-bl685(2)-째즈(대행,소매꼬임)4.19-16-IMG_3495.jpg",False,False,False,True,False,False
1258,"없음-1490-1490-bl685(2)-째즈(대행,소매꼬임)4.19-16-IMG_3495.jpg",False,False,False,False,False,False
1259,"없음-1490-1490-bl685(2)-째즈(대행,소매꼬임)4.19-16-IMG_3539.jpg",False,False,False,True,False,False
1260,"없음-1490-1490-bl685(2)-째즈(대행,소매꼬임)4.19-16-IMG_3539.jpg",False,False,False,True,False,False
1261,"없음-1490-1490-bl685(2)-째즈(대행,소매꼬임)4.19-16-IMG_3539.jpg",False,False,False,False,False,False
1262,"없음-1490-1490-bl685(2)-째즈(대행,소매꼬임)4.19-16-IMG_3539.jpg",False,False,False,False,False,False
1263,"없음-1490-1490-bl688(2)-다다(대행,포포) 4.20-5-IMG_7526.jpg",False,False,False,True,False,False
1264,"없음-1490-1490-bl688(2)-다다(대행,포포) 4.20-5-IMG_7526.jpg",False,False,False,True,False,False
1265,"없음-1490-1490-bl688(2)-다다(대행,포포) 4.20-5-IMG_7526.jpg",False,False,False,False,False,False
1266,"없음-1490-1490-bl688(2)-다다(대행,포포) 4.20-5-IMG_7526.jpg",False,False,False,False,False,False
1267,"없음-1490-1490-bl688(2)-다다(대행,포포) 4.20-5-IMG_7606.jpg",False,False,False,True,False,False
1268,"없음-1490-1490-bl688(2)-다다(대행,포포) 4.20-5-IMG_7606.jpg",False,False,False,False,False,False
1269,"없음-1539-1539-SK1478(2)-블루샵(대행,리본청SK)4.6-6-IMG_8996.jpg",True,False,False,False,False,False
1270,"없음-1539-1539-SK1478(2)-블루샵(대행,리본청SK)4.6-6-IMG_8996.jpg",True,False,False,False,False,False
1271,"없음-1539-1539-SK1478(2)-블루샵(대행,리본청SK)4.6-6-IMG_8996.jpg",False,False,False,False,False,False
1272,"없음-1539-1539-SK1478(2)-블루샵(대행,리본청SK)4.6-6-IMG_8996.jpg",False,False,False,False,False,False
1273,"없음-1539-1539-SK1478(2)-블루샵(대행,리본청SK)4.6-6-IMG_9036.jpg",False,False,False,False,False,False
1274,"없음-1539-1539-SK1478(2)-블루샵(대행,리본청SK)4.6-6-IMG_9134.jpg",True,False,False,False,False,False
1275,"없음-1539-1539-SK1478(2)-블루샵(대행,리본청SK)4.6-6-IMG_9134.jpg",True,False,False,False,False,False
1276,"없음-1539-1539-SK1478(2)-블루샵(대행,리본청SK)4.6-6-IMG_9134.jpg",False,False,False,False,False,False
1277,"없음-1539-1539-SK1478(2)-블루샵(대행,리본청SK)4.6-6-IMG_9134.jpg",False,False,False,False,False,False
1278,"없음-1539-1539-SK1479(2)-블루샵(대행,벨트청SK)4.6-7-IMG_9201.JPG",True,False,False,False,False,False
1279,"없음-1539-1539-SK1479(2)-블루샵(대행,벨트청SK)4.6-7-IMG_9201.JPG",True,False,False,False,False,False
1280,"없음-1539-1539-SK1479(2)-블루샵(대행,벨트청SK)4.6-7-IMG_9201.JPG",False,False,False,False,False,False
1281,"없음-1539-1539-SK1479(2)-블루샵(대행,벨트청SK)4.6-7-IMG_9201.JPG",False,False,False,False,False,False
1282,"없음-273-273-output-k87bl1709(3)-MONO+(샘플,도트나시OPS)-1-IMG_9189.jpg",False,False,True,False,False,False
1283,"없음-273-273-output-k87bl1709(3)-MONO+(샘플,도트나시OPS)-1-IMG_9189.jpg",False,False,False,False,False,False
1284,"없음-273-273-output-k87bl1709(3)-MONO+(샘플,도트나시OPS)-1-IMG_9213.jpg",False,False,True,False,False,False
1285,"없음-273-273-output-k87bl1709(3)-MONO+(샘플,도트나시OPS)-1-IMG_9213.jpg",False,False,False,False,False,False
1286,"없음-273-273-output-k87bl1709(3)-MONO+(샘플,도트나시OPS)-1-IMG_9269.jpg",False,False,True,False,False,False
1287,"없음-273-273-output-k87bl1709(3)-MONO+(샘플,도트나시OPS)-1-IMG_9269.jpg",False,False,True,False,False,False
1288,"없음-273-273-output-k87bl1709(3)-MONO+(샘플,도트나시OPS)-1-IMG_9269.jpg",False,False,False,False,False,False
1289,"없음-273-273-output-k87bl1709(3)-MONO+(샘플,도트나시OPS)-1-IMG_9269.jpg",False,False,False,False,False,False
1290,"없음-301-301-output-k87bl1655(2)-엘르(도트트임,모델컷교체)7.12-S파일 얼굴 반은입술까지만살려주시고 반은전부살려주세요-DSC00244.jpg",False,True,False,False,False,False
1291,없음-3198-3198-201-1 (2424).jpg,True,False,False,False,False,False
1292,없음-3198-3198-201-1 (2424).jpg,True,False,False,False,False,False
1293,없음-3198-3198-201-1 (2424).jpg,False,False,False,False,False,False
1294,없음-3198-3198-201-1 (2424).jpg,False,False,False,False,False,False
1295,없음-3198-3198-201-1 (2434).jpg,True,False,False,False,False,False
1296,없음-3198-3198-201-1 (482).JPG,True,False,False,False,False,False
1297,없음-3198-3198-201-1 (482).JPG,False,False,False,False,True,False
1298,없음-3198-3198-201-1 (900).JPG,False,False,False,True,False,False
1299,"없음-537-537--k85set484(2)-화이트샵(대행,도트파티투피스)6.1-1-DSC00275.jpg",False,False,False,True,False,False
1300,"없음-537-537--k85set484(2)-화이트샵(대행,도트파티투피스)6.1-1-DSC00275.jpg",False,False,False,True,False,False
1301,"없음-537-537--k85set484(2)-화이트샵(대행,도트파티투피스)6.1-1-DSC00275.jpg",False,False,False,False,False,False
1302,"없음-537-537--k85set484(2)-화이트샵(대행,도트파티투피스)6.1-1-DSC00275.jpg",False,False,False,False,False,False
1303,"없음-5939-5939-cd335(3)-블루샵(대행,니트더블JK) 11.1-set329(2)-다다(대행,데이지)11.3-01-XK9G3399.jpg",False,True,False,False,False,False
1304,"없음-5939-5939-cd335(3)-블루샵(대행,니트더블JK) 11.1-set329(2)-다다(대행,데이지)11.3-01-XK9G3399.jpg",False,False,False,False,False,False
1305,없음-6714-6714-20180130(중국)-bl1089(2)-중국사입(5323#)모델컷촬영-01-IMG_0001.jpg,False,True,False,False,False,False
1306,없음-6714-6714-20180130(중국)-bl1089(2)-중국사입(5323#)모델컷촬영-01-IMG_0001.jpg,False,False,False,False,False,False
1307,없음-6714-6714-20180130(중국)-bl1089(2)-중국사입(5323#)모델컷촬영-01-IMG_9992.jpg,False,True,False,False,False,False
1308,없음-6714-6714-20180130(중국)-ops2031(2)-중국사입(616)모델컷촬영-04-IMG_0285.jpg,False,True,False,False,False,False
1309,"없음-6714-6714-20180202(대행)10-bl1114(3)-셀럽(대행,꽃BL)2.7-22-IMG_9381.jpg",False,True,False,False,False,False
1310,"없음-6714-6714-20180202(대행)10-bl1116(2)-셀럽(대행,플로라BL)2.7-26-IMG_9853.jpg",False,True,False,False,False,False
1311,"없음-6714-6714-20180202(대행)10-bl1116(2)-셀럽(대행,플로라BL)2.7-26-IMG_9853.jpg",False,True,False,False,False,False
1312,"없음-6714-6714-20180202(대행)10-bl1116(2)-셀럽(대행,플로라BL)2.7-26-IMG_9853.jpg",False,False,False,False,False,False
1313,"없음-6714-6714-20180202(대행)10-bl1116(2)-셀럽(대행,플로라BL)2.7-26-IMG_9853.jpg",False,False,False,False,False,False
1314,"없음-718-718--k85ops2524(2)-블루샵(대행,루니도트OPS)6.4-1-DSC00604.jpg",False,False,False,True,False,False
1315,없음-994-994-완-DSC_4876.jpg,False,True,False,False,False,False
1316,없음-994-994-완-DSC_4896.jpg,False,True,False,False,False,False
1317,없음-994-994-완-DSC_4916.jpg,False,True,False,False,False,False
1318,팬츠-1-u_155677953310-001 (1995).jpg,False,True,False,False,False,False
1319,팬츠-1-u_155677953310-001 (1995).jpg,False,False,False,False,False,False
